id,batch_id,store_id,status,version,created_at,created_by,updated_at,updated_by,deleted
1967119892830359552,1967119892788416592,1967119892788416527,ACTIVE,20,2025-03-23 23:55:04,1,2025-04-02 23:55:04,1,False
1967119892830359553,1967119892788416592,1967119892788416524,ACTIVE,19,2025-03-23 23:55:04,1,2025-05-20 23:55:04,1,False
1967119892830359554,1967119892788416592,1967119892788416525,ACTIVE,6,2025-03-23 23:55:04,1,2025-05-09 23:55:04,1,False
1967119892830359555,1967119892788416593,1967119892788416526,ACTIVE,19,2025-03-24 04:55:04,1,2025-04-17 04:55:04,1,False
1967119892830359556,1967119892788416594,1967119892788416528,INACTIVE,4,2025-03-24 01:55:04,1,2025-05-15 01:55:04,1,False
1967119892830359557,1967119892788416594,1967119892788416523,ACTIVE,19,2025-03-24 01:55:04,1,2025-04-24 01:55:04,1,False
1967119892830359558,1967119892788416595,1967119892788416525,ACTIVE,9,2025-03-23 21:55:04,1,2025-04-24 21:55:04,1,False
1967119892830359559,1967119892788416595,1967119892788416523,INACTIVE,6,2025-03-23 21:55:04,1,2025-07-22 21:55:04,1,False
1967119892830359560,1967119892788416596,1967119892788416524,INACTIVE,2,2025-03-31 00:55:04,1,2025-05-07 00:55:04,1,False
1967119892830359561,1967119892788416597,1967119892788416526,ACTIVE,23,2025-03-31 05:55:04,1,2025-08-09 05:55:04,1,False
1967119892830359562,1967119892788416597,1967119892788416524,ACTIVE,15,2025-03-31 05:55:04,1,2025-05-01 05:55:04,1,False
1967119892830359563,1967119892788416597,1967119892788416529,EXPIRED,13,2025-03-31 05:55:04,1,2025-06-24 05:55:04,1,False
1967119892830359564,1967119892788416598,1967119892788416524,ACTIVE,10,2025-03-30 22:55:04,1,2025-05-08 22:55:04,1,False
1967119892830359565,1967119892788416599,1967119892788416529,EXPIRED,4,2025-03-31 02:55:04,1,2025-07-10 02:55:04,1,False
1967119892830359566,1967119892788416599,1967119892788416522,ACTIVE,1,2025-03-31 02:55:04,1,2025-07-19 02:55:04,1,False
1967119892830359567,1967119892788416599,1967119892788416528,ACTIVE,19,2025-03-31 02:55:04,1,2025-08-16 02:55:04,1,False
1967119892830359568,1967119892788416600,1967119892788416529,INACTIVE,16,2025-04-07 00:55:04,1,2025-06-18 00:55:04,1,False
1967119892830359569,1967119892788416601,1967119892788416524,EXPIRED,7,2025-04-06 22:55:04,1,2025-08-13 22:55:04,1,False
1967119892830359570,1967119892788416602,1967119892788416527,ACTIVE,1,2025-04-06 23:55:04,1,2025-06-13 23:55:04,1,False
1967119892830359571,1967119892788416602,1967119892788416526,INACTIVE,11,2025-04-06 23:55:04,1,2025-06-19 23:55:04,1,False
1967119892830359572,1967119892788416602,1967119892788416522,ACTIVE,6,2025-04-06 23:55:04,1,2025-06-25 23:55:04,1,False
1967119892830359573,1967119892788416603,1967119892788416525,ACTIVE,4,2025-04-07 06:55:04,1,2025-04-29 06:55:04,1,False
1967119892830359574,1967119892788416603,1967119892788416529,ACTIVE,3,2025-04-07 06:55:04,1,2025-07-07 06:55:04,1,False
1967119892830359575,1967119892788416604,1967119892788416525,INACTIVE,0,2025-04-13 22:55:04,1,2025-04-17 22:55:04,1,False
1967119892830359576,1967119892788416604,1967119892788416529,INACTIVE,7,2025-04-13 22:55:04,1,2025-07-31 22:55:04,1,False
1967119892830359577,1967119892788416604,1967119892788416522,EXPIRED,7,2025-04-13 22:55:04,1,2025-05-26 22:55:04,1,False
1967119892830359578,1967119892788416604,1967119892788416527,ACTIVE,17,2025-04-13 22:55:04,1,2025-06-25 22:55:04,1,False
1967119892830359579,1967119892788416605,1967119892788416523,ACTIVE,3,2025-04-13 21:55:04,1,2025-06-26 21:55:04,1,False
1967119892830359580,1967119892788416605,1967119892788416522,EXPIRED,21,2025-04-13 21:55:04,1,2025-06-13 21:55:04,1,False
1967119892830359581,1967119892788416606,1967119892788416522,ACTIVE,9,2025-04-14 01:55:04,1,2025-07-23 01:55:04,1,False
1967119892830359582,1967119892788416607,1967119892788416522,ACTIVE,11,2025-04-13 23:55:04,1,2025-07-04 23:55:04,1,False
1967119892830359583,1967119892788416607,1967119892788416529,INACTIVE,6,2025-04-13 23:55:04,1,2025-06-03 23:55:04,1,False
1967119892830359584,1967119892788416608,1967119892788416527,INACTIVE,6,2025-04-20 23:55:04,1,2025-05-18 23:55:04,1,False
1967119892830359585,1967119892788416609,1967119892788416528,ACTIVE,11,2025-04-21 07:55:04,1,2025-05-24 07:55:04,1,False
1967119892830359586,1967119892788416609,1967119892788416524,INACTIVE,8,2025-04-21 07:55:04,1,2025-04-29 07:55:04,1,False
1967119892830359587,1967119892788416610,1967119892788416527,INACTIVE,5,2025-04-21 01:55:04,1,2025-06-02 01:55:04,1,False
1967119892830359588,1967119892788416611,1967119892788416525,INACTIVE,13,2025-04-21 05:55:04,1,2025-09-14 05:55:04,1,False
1967119892830359589,1967119892788416611,1967119892788416526,INACTIVE,0,2025-04-21 05:55:04,1,2025-08-26 05:55:04,1,False
1967119892830359590,1967119892788416611,1967119892788416522,INACTIVE,17,2025-04-21 05:55:04,1,2025-06-21 05:55:04,1,False
1967119892830359591,1967119892788416611,1967119892788416524,ACTIVE,7,2025-04-21 05:55:04,1,2025-08-15 05:55:04,1,False
1967119892830359592,1967119892788416611,1967119892788416527,ACTIVE,11,2025-04-21 05:55:04,1,2025-08-20 05:55:04,1,False
1967119892830359593,1967119892788416612,1967119892788416527,ACTIVE,6,2025-04-28 07:55:04,1,2025-08-16 07:55:04,1,False
1967119892830359594,1967119892788416612,1967119892788416522,INACTIVE,13,2025-04-28 07:55:04,1,2025-08-31 07:55:04,1,False
1967119892830359595,1967119892788416612,1967119892788416525,ACTIVE,13,2025-04-28 07:55:04,1,2025-07-08 07:55:04,1,False
1967119892830359596,1967119892788416612,1967119892788416526,ACTIVE,6,2025-04-28 07:55:04,1,2025-08-08 07:55:04,1,False
1967119892830359597,1967119892788416613,1967119892788416523,ACTIVE,18,2025-04-28 06:55:04,1,2025-09-13 06:55:04,1,False
1967119892830359598,1967119892788416614,1967119892788416523,ACTIVE,2,2025-04-28 07:55:04,1,2025-05-12 07:55:04,1,False
1967119892830359599,1967119892788416615,1967119892788416528,ACTIVE,6,2025-04-28 03:55:04,1,2025-05-09 03:55:04,1,False
1967119892830359600,1967119892788416615,1967119892788416527,ACTIVE,5,2025-04-28 03:55:04,1,2025-05-31 03:55:04,1,False
1967119892830359601,1967119892788416615,1967119892788416524,INACTIVE,7,2025-04-28 03:55:04,1,2025-07-24 03:55:04,1,False
1967119892830359602,1967119892788416616,1967119892788416526,INACTIVE,15,2025-05-05 05:55:04,1,2025-05-09 05:55:04,1,False
1967119892830359603,1967119892788416616,1967119892788416523,INACTIVE,5,2025-05-05 05:55:04,1,2025-08-25 05:55:04,1,False
1967119892830359604,1967119892788416616,1967119892788416529,INACTIVE,1,2025-05-05 05:55:04,1,2025-08-27 05:55:04,1,False
1967119892830359605,1967119892788416616,1967119892788416527,INACTIVE,15,2025-05-05 05:55:04,1,2025-07-02 05:55:04,1,False
1967119892830359606,1967119892788416616,1967119892788416524,ACTIVE,14,2025-05-05 05:55:04,1,2025-07-27 05:55:04,1,False
1967119892830359607,1967119892788416617,1967119892788416527,ACTIVE,6,2025-05-05 07:55:04,1,2025-06-12 07:55:04,1,False
1967119892830359608,1967119892788416617,1967119892788416528,ACTIVE,18,2025-05-05 07:55:04,1,2025-07-19 07:55:04,1,False
1967119892830359609,1967119892788416618,1967119892788416526,INACTIVE,18,2025-05-05 02:55:04,1,2025-06-12 02:55:04,1,False
1967119892830359610,1967119892788416618,1967119892788416525,INACTIVE,18,2025-05-05 02:55:04,1,2025-07-23 02:55:04,1,False
1967119892830359611,1967119892788416618,1967119892788416527,ACTIVE,6,2025-05-05 02:55:04,1,2025-07-22 02:55:04,1,False
1967119892830359612,1967119892788416619,1967119892788416529,INACTIVE,6,2025-05-04 23:55:04,1,2025-08-09 23:55:04,1,False
1967119892830359613,1967119892788416619,1967119892788416528,INACTIVE,8,2025-05-04 23:55:04,1,2025-07-04 23:55:04,1,False
1967119892830359614,1967119892788416620,1967119892788416525,ACTIVE,11,2025-05-12 06:55:04,1,2025-08-02 06:55:04,1,False
1967119892830359615,1967119892788416621,1967119892788416528,ACTIVE,7,2025-05-12 05:55:04,1,2025-05-18 05:55:04,1,False
1967119892830359616,1967119892788416621,1967119892788416527,ACTIVE,15,2025-05-12 05:55:04,1,2025-05-15 05:55:04,1,False
1967119892830359617,1967119892788416621,1967119892788416522,ACTIVE,12,2025-05-12 05:55:04,1,2025-06-26 05:55:04,1,False
1967119892830359618,1967119892788416622,1967119892788416529,EXPIRED,11,2025-05-12 00:55:04,1,2025-05-23 00:55:04,1,False
1967119892830359619,1967119892788416622,1967119892788416528,EXPIRED,10,2025-05-12 00:55:04,1,2025-05-29 00:55:04,1,False
1967119892830359620,1967119892788416622,1967119892788416524,INACTIVE,17,2025-05-12 00:55:04,1,2025-05-21 00:55:04,1,False
1967119892830359621,1967119892788416622,1967119892788416525,INACTIVE,6,2025-05-12 00:55:04,1,2025-06-13 00:55:04,1,False
1967119892830359622,1967119892788416623,1967119892788416526,INACTIVE,0,2025-05-12 03:55:04,1,2025-08-06 03:55:04,1,False
1967119892830359623,1967119892788416623,1967119892788416525,ACTIVE,1,2025-05-12 03:55:04,1,2025-07-06 03:55:04,1,False
1967119892830359624,1967119892788416624,1967119892788416529,INACTIVE,17,2025-05-12 02:55:04,1,2025-05-25 02:55:04,1,False
1967119892830359625,1967119892788416624,1967119892788416526,ACTIVE,15,2025-05-12 02:55:04,1,2025-07-14 02:55:04,1,False
1967119892830359626,1967119892788416625,1967119892788416528,ACTIVE,6,2025-05-18 23:55:04,1,2025-08-26 23:55:04,1,False
1967119892830359627,1967119892788416626,1967119892788416528,EXPIRED,13,2025-05-18 22:55:04,1,2025-07-29 22:55:04,1,False
1967119892830359628,1967119892788416627,1967119892788416523,EXPIRED,8,2025-05-18 21:55:04,1,2025-08-01 21:55:04,1,False
1967119892830359629,1967119892788416628,1967119892788416528,ACTIVE,11,2025-05-18 21:55:04,1,2025-06-03 21:55:04,1,False
1967119892830359630,1967119892788416628,1967119892788416522,ACTIVE,2,2025-05-18 21:55:04,1,2025-06-27 21:55:04,1,False
1967119892830359631,1967119892788416629,1967119892788416529,ACTIVE,2,2025-05-19 04:55:04,1,2025-07-04 04:55:04,1,False
1967119892830359632,1967119892788416629,1967119892788416527,ACTIVE,8,2025-05-19 04:55:04,1,2025-06-26 04:55:04,1,False
1967119892830359633,1967119892788416629,1967119892788416523,INACTIVE,15,2025-05-19 04:55:04,1,2025-06-09 04:55:04,1,False
1967119892830359634,1967119892788416630,1967119892788416525,ACTIVE,1,2025-05-26 04:55:04,1,2025-06-18 04:55:04,1,False
1967119892830359635,1967119892788416630,1967119892788416526,INACTIVE,15,2025-05-26 04:55:04,1,2025-06-06 04:55:04,1,False
1967119892830359636,1967119892788416631,1967119892788416522,ACTIVE,3,2025-05-26 02:55:04,1,2025-07-14 02:55:04,1,False
1967119892830359637,1967119892788416631,1967119892788416527,ACTIVE,5,2025-05-26 02:55:04,1,2025-08-26 02:55:04,1,False
1967119892830359638,1967119892788416632,1967119892788416526,ACTIVE,4,2025-05-26 05:55:04,1,2025-07-06 05:55:04,1,False
1967119892830359639,1967119892788416632,1967119892788416527,EXPIRED,15,2025-05-26 05:55:04,1,2025-08-31 05:55:04,1,False
1967119892830359640,1967119892788416632,1967119892788416524,EXPIRED,6,2025-05-26 05:55:04,1,2025-07-30 05:55:04,1,False
1967119892830359641,1967119892788416632,1967119892788416525,INACTIVE,6,2025-05-26 05:55:04,1,2025-08-12 05:55:04,1,False
1967119892830359642,1967119892788416632,1967119892788416522,ACTIVE,0,2025-05-26 05:55:04,1,2025-05-28 05:55:04,1,False
1967119892830359643,1967119892788416633,1967119892788416522,INACTIVE,7,2025-05-26 03:55:04,1,2025-06-19 03:55:04,1,False
1967119892830359644,1967119892788416633,1967119892788416527,INACTIVE,0,2025-05-26 03:55:04,1,2025-06-22 03:55:04,1,False
1967119892830359645,1967119892788416634,1967119892788416527,EXPIRED,15,2025-05-26 06:55:04,1,2025-05-29 06:55:04,1,False
1967119892830359646,1967119892788416634,1967119892788416528,INACTIVE,0,2025-05-26 06:55:04,1,2025-09-12 06:55:04,1,False
1967119892830359647,1967119892788416635,1967119892788416522,INACTIVE,14,2025-06-02 01:55:04,1,2025-06-28 01:55:04,1,False
1967119892834553856,1967119892788416635,1967119892788416523,INACTIVE,0,2025-06-02 01:55:04,1,2025-06-06 01:55:04,1,False
1967119892834553857,1967119892788416635,1967119892788416528,ACTIVE,7,2025-06-02 01:55:04,1,2025-06-29 01:55:04,1,False
1967119892834553858,1967119892788416635,1967119892788416529,INACTIVE,8,2025-06-02 01:55:04,1,2025-08-19 01:55:04,1,False
1967119892834553859,1967119892788416635,1967119892788416526,INACTIVE,5,2025-06-02 01:55:04,1,2025-06-16 01:55:04,1,False
1967119892834553860,1967119892788416636,1967119892788416522,INACTIVE,1,2025-06-02 00:55:04,1,2025-08-13 00:55:04,1,False
1967119892834553861,1967119892788416636,1967119892788416523,INACTIVE,13,2025-06-02 00:55:04,1,2025-07-30 00:55:04,1,False
1967119892834553862,1967119892788416636,1967119892788416527,ACTIVE,13,2025-06-02 00:55:04,1,2025-07-03 00:55:04,1,False
1967119892834553863,1967119892788416637,1967119892788416528,INACTIVE,11,2025-06-02 01:55:04,1,2025-06-02 01:55:04,1,False
1967119892834553864,1967119892788416637,1967119892788416529,ACTIVE,10,2025-06-02 01:55:04,1,2025-07-10 01:55:04,1,False
1967119892834553865,1967119892788416638,1967119892788416522,ACTIVE,8,2025-06-01 23:55:04,1,2025-08-20 23:55:04,1,False
1967119892834553866,1967119892788416639,1967119892788416527,ACTIVE,8,2025-06-02 06:55:04,1,2025-08-28 06:55:04,1,False
1967119892834553867,1967119892788416639,1967119892788416528,ACTIVE,5,2025-06-02 06:55:04,1,2025-09-11 06:55:04,1,False
1967119892834553868,1967119892788416639,1967119892788416524,ACTIVE,9,2025-06-02 06:55:04,1,2025-08-26 06:55:04,1,False
1967119892834553869,1967119892788416639,1967119892788416529,EXPIRED,7,2025-06-02 06:55:04,1,2025-07-26 06:55:04,1,False
1967119892834553870,1967119892788416640,1967119892788416528,ACTIVE,6,2025-06-09 03:55:04,1,2025-07-14 03:55:04,1,False
1967119892834553871,1967119892788416640,1967119892788416524,INACTIVE,13,2025-06-09 03:55:04,1,2025-08-22 03:55:04,1,False
1967119892834553872,1967119892788416640,1967119892788416529,INACTIVE,2,2025-06-09 03:55:04,1,2025-07-05 03:55:04,1,False
1967119892834553873,1967119892788416640,1967119892788416527,INACTIVE,12,2025-06-09 03:55:04,1,2025-08-22 03:55:04,1,False
1967119892834553874,1967119892788416640,1967119892788416526,ACTIVE,7,2025-06-09 03:55:04,1,2025-08-29 03:55:04,1,False
1967119892834553875,1967119892788416641,1967119892788416527,EXPIRED,11,2025-06-09 04:55:04,1,2025-06-22 04:55:04,1,False
1967119892834553876,1967119892788416642,1967119892788416526,INACTIVE,0,2025-06-09 03:55:04,1,2025-06-10 03:55:04,1,False
1967119892834553877,1967119892788416642,1967119892788416522,INACTIVE,3,2025-06-09 03:55:04,1,2025-08-05 03:55:04,1,False
1967119892834553878,1967119892788416643,1967119892788416529,EXPIRED,9,2025-06-09 02:55:04,1,2025-08-28 02:55:04,1,False
1967119892834553879,1967119892788416644,1967119892788416526,ACTIVE,13,2025-06-09 04:55:04,1,2025-08-04 04:55:04,1,False
1967119892834553880,1967119892788416645,1967119892788416524,EXPIRED,0,2025-06-15 23:55:04,1,2025-06-17 23:55:04,1,False
1967119892834553881,1967119892788416645,1967119892788416525,ACTIVE,2,2025-06-15 23:55:04,1,2025-07-08 23:55:04,1,False
1967119892834553882,1967119892788416645,1967119892788416527,ACTIVE,10,2025-06-15 23:55:04,1,2025-07-13 23:55:04,1,False
1967119892834553883,1967119892788416646,1967119892788416528,INACTIVE,11,2025-06-16 05:55:04,1,2025-07-01 05:55:04,1,False
1967119892834553884,1967119892788416646,1967119892788416525,ACTIVE,4,2025-06-16 05:55:04,1,2025-08-17 05:55:04,1,False
1967119892834553885,1967119892788416647,1967119892788416524,INACTIVE,8,2025-06-16 06:55:04,1,2025-08-30 06:55:04,1,False
1967119892834553886,1967119892788416647,1967119892788416527,ACTIVE,9,2025-06-16 06:55:04,1,2025-08-29 06:55:04,1,False
1967119892834553887,1967119892788416648,1967119892788416524,ACTIVE,1,2025-06-16 05:55:04,1,2025-07-04 05:55:04,1,False
1967119892834553888,1967119892788416648,1967119892788416525,INACTIVE,6,2025-06-16 05:55:04,1,2025-08-04 05:55:04,1,False
1967119892834553889,1967119892788416648,1967119892788416522,ACTIVE,12,2025-06-16 05:55:04,1,2025-06-18 05:55:04,1,False
1967119892834553890,1967119892788416649,1967119892788416527,ACTIVE,7,2025-06-16 05:55:04,1,2025-09-08 05:55:04,1,False
1967119892834553891,1967119892788416649,1967119892788416523,ACTIVE,9,2025-06-16 05:55:04,1,2025-09-09 05:55:04,1,False
1967119892834553892,1967119892788416650,1967119892788416527,INACTIVE,4,2025-06-23 05:55:04,1,2025-08-04 05:55:04,1,False
1967119892834553893,1967119892788416650,1967119892788416529,INACTIVE,7,2025-06-23 05:55:04,1,2025-09-11 05:55:04,1,False
1967119892834553894,1967119892788416650,1967119892788416523,ACTIVE,1,2025-06-23 05:55:04,1,2025-07-04 05:55:04,1,False
1967119892834553895,1967119892788416651,1967119892788416526,ACTIVE,0,2025-06-23 07:55:04,1,2025-08-31 07:55:04,1,False
1967119892834553896,1967119892788416651,1967119892788416527,INACTIVE,5,2025-06-23 07:55:04,1,2025-07-17 07:55:04,1,False
1967119892834553897,1967119892788416652,1967119892788416525,ACTIVE,3,2025-06-22 21:55:04,1,2025-06-25 21:55:04,1,False
1967119892834553898,1967119892788416652,1967119892788416526,ACTIVE,4,2025-06-22 21:55:04,1,2025-07-20 21:55:04,1,False
1967119892834553899,1967119892788416653,1967119892788416527,ACTIVE,9,2025-06-23 06:55:04,1,2025-06-27 06:55:04,1,False
1967119892834553900,1967119892788416653,1967119892788416522,ACTIVE,5,2025-06-23 06:55:04,1,2025-08-04 06:55:04,1,False
1967119892834553901,1967119892788416653,1967119892788416528,ACTIVE,6,2025-06-23 06:55:04,1,2025-09-01 06:55:04,1,False
1967119892834553902,1967119892788416653,1967119892788416523,ACTIVE,9,2025-06-23 06:55:04,1,2025-08-30 06:55:04,1,False
1967119892834553903,1967119892788416654,1967119892788416524,ACTIVE,5,2025-06-23 06:55:04,1,2025-09-14 06:55:04,1,False
1967119892834553904,1967119892788416654,1967119892788416523,ACTIVE,9,2025-06-23 06:55:04,1,2025-09-11 06:55:04,1,False
1967119892834553905,1967119892788416654,1967119892788416525,ACTIVE,2,2025-06-23 06:55:04,1,2025-07-29 06:55:04,1,False
1967119892834553906,1967119892788416655,1967119892788416524,INACTIVE,9,2025-06-23 01:55:04,1,2025-08-30 01:55:04,1,False
1967119892834553907,1967119892788416656,1967119892788416524,INACTIVE,7,2025-06-30 00:55:04,1,2025-09-02 00:55:04,1,False
1967119892834553908,1967119892788416656,1967119892788416529,ACTIVE,7,2025-06-30 00:55:04,1,2025-07-07 00:55:04,1,False
1967119892834553909,1967119892788416657,1967119892788416524,ACTIVE,6,2025-06-30 06:55:04,1,2025-08-18 06:55:04,1,False
1967119892834553910,1967119892788416657,1967119892788416527,INACTIVE,1,2025-06-30 06:55:04,1,2025-07-11 06:55:04,1,False
1967119892834553911,1967119892788416657,1967119892788416528,ACTIVE,5,2025-06-30 06:55:04,1,2025-07-25 06:55:04,1,False
1967119892834553912,1967119892788416658,1967119892788416524,EXPIRED,9,2025-06-30 05:55:04,1,2025-07-17 05:55:04,1,False
1967119892834553913,1967119892788416658,1967119892788416527,INACTIVE,6,2025-06-30 05:55:04,1,2025-07-09 05:55:04,1,False
1967119892834553914,1967119892788416659,1967119892788416523,EXPIRED,0,2025-06-30 06:55:04,1,2025-07-14 06:55:04,1,False
1967119892834553915,1967119892788416659,1967119892788416525,ACTIVE,7,2025-06-30 06:55:04,1,2025-07-08 06:55:04,1,False
1967119892834553916,1967119892788416659,1967119892788416522,ACTIVE,6,2025-06-30 06:55:04,1,2025-09-08 06:55:04,1,False
1967119892834553917,1967119892788416659,1967119892788416527,INACTIVE,8,2025-06-30 06:55:04,1,2025-07-11 06:55:04,1,False
1967119892834553918,1967119892788416659,1967119892788416528,INACTIVE,10,2025-06-30 06:55:04,1,2025-08-03 06:55:04,1,False
1967119892834553919,1967119892788416660,1967119892788416523,ACTIVE,1,2025-06-30 03:55:04,1,2025-08-17 03:55:04,1,False
1967119892834553920,1967119892788416661,1967119892788416523,INACTIVE,6,2025-06-29 23:55:04,1,2025-07-24 23:55:04,1,False
1967119892834553921,1967119892788416661,1967119892788416527,ACTIVE,10,2025-06-29 23:55:04,1,2025-08-11 23:55:04,1,False
1967119892834553922,1967119892788416662,1967119892788416522,ACTIVE,0,2025-07-07 00:55:04,1,2025-08-27 00:55:04,1,False
1967119892834553923,1967119892788416662,1967119892788416525,INACTIVE,5,2025-07-07 00:55:04,1,2025-07-20 00:55:04,1,False
1967119892834553924,1967119892788416663,1967119892788416523,ACTIVE,4,2025-07-07 02:55:04,1,2025-08-30 02:55:04,1,False
1967119892834553925,1967119892788416663,1967119892788416522,ACTIVE,0,2025-07-07 02:55:04,1,2025-07-16 02:55:04,1,False
1967119892834553926,1967119892788416664,1967119892788416522,ACTIVE,5,2025-07-07 01:55:04,1,2025-08-29 01:55:04,1,False
1967119892834553927,1967119892788416664,1967119892788416529,ACTIVE,5,2025-07-07 01:55:04,1,2025-07-25 01:55:04,1,False
1967119892834553928,1967119892788416664,1967119892788416528,ACTIVE,3,2025-07-07 01:55:04,1,2025-07-18 01:55:04,1,False
1967119892834553929,1967119892788416664,1967119892788416527,EXPIRED,0,2025-07-07 01:55:04,1,2025-08-22 01:55:04,1,False
1967119892834553930,1967119892788416665,1967119892788416526,ACTIVE,0,2025-07-06 23:55:04,1,2025-08-17 23:55:04,1,False
1967119892834553931,1967119892788416665,1967119892788416523,ACTIVE,4,2025-07-06 23:55:04,1,2025-08-04 23:55:04,1,False
1967119892834553932,1967119892788416665,1967119892788416528,ACTIVE,2,2025-07-06 23:55:04,1,2025-08-13 23:55:04,1,False
1967119892838748160,1967119892788416666,1967119892788416524,ACTIVE,3,2025-07-06 21:55:04,1,2025-08-10 21:55:04,1,False
1967119892838748161,1967119892788416666,1967119892788416528,ACTIVE,1,2025-07-06 21:55:04,1,2025-09-11 21:55:04,1,False
1967119892838748162,1967119892788416667,1967119892788416524,ACTIVE,8,2025-07-07 02:55:04,1,2025-07-18 02:55:04,1,False
1967119892838748163,1967119892788416667,1967119892788416525,INACTIVE,8,2025-07-07 02:55:04,1,2025-07-21 02:55:04,1,False
1967119892838748164,1967119892788416667,1967119892788416528,ACTIVE,8,2025-07-07 02:55:04,1,2025-07-21 02:55:04,1,False
1967119892838748165,1967119892788416667,1967119892788416526,ACTIVE,3,2025-07-07 02:55:04,1,2025-07-07 02:55:04,1,False
1967119892838748166,1967119892788416667,1967119892788416527,ACTIVE,1,2025-07-07 02:55:04,1,2025-07-16 02:55:04,1,False
1967119892838748167,1967119892788416668,1967119892788416529,ACTIVE,5,2025-07-13 23:55:04,1,2025-09-08 23:55:04,1,False
1967119892838748168,1967119892788416668,1967119892788416523,ACTIVE,7,2025-07-13 23:55:04,1,2025-07-19 23:55:04,1,False
1967119892838748169,1967119892788416669,1967119892788416529,ACTIVE,6,2025-07-13 23:55:04,1,2025-09-12 23:55:04,1,False
1967119892838748170,1967119892788416669,1967119892788416525,INACTIVE,0,2025-07-13 23:55:04,1,2025-07-20 23:55:04,1,False
1967119892838748171,1967119892788416669,1967119892788416524,INACTIVE,8,2025-07-13 23:55:04,1,2025-08-17 23:55:04,1,False
1967119892838748172,1967119892788416670,1967119892788416528,EXPIRED,6,2025-07-14 02:55:04,1,2025-08-11 02:55:04,1,False
1967119892838748173,1967119892788416670,1967119892788416524,ACTIVE,1,2025-07-14 02:55:04,1,2025-09-02 02:55:04,1,False
1967119892838748174,1967119892788416670,1967119892788416522,INACTIVE,1,2025-07-14 02:55:04,1,2025-08-25 02:55:04,1,False
1967119892838748175,1967119892788416670,1967119892788416527,ACTIVE,3,2025-07-14 02:55:04,1,2025-08-14 02:55:04,1,False
1967119892838748176,1967119892788416670,1967119892788416523,ACTIVE,0,2025-07-14 02:55:04,1,2025-07-19 02:55:04,1,False
1967119892838748177,1967119892788416671,1967119892788416523,ACTIVE,5,2025-07-13 21:55:04,1,2025-07-14 21:55:04,1,False
1967119892838748178,1967119892788416671,1967119892788416522,INACTIVE,4,2025-07-13 21:55:04,1,2025-07-28 21:55:04,1,False
1967119892838748179,1967119892788416671,1967119892788416527,ACTIVE,3,2025-07-13 21:55:04,1,2025-07-28 21:55:04,1,False
1967119892838748180,1967119892788416672,1967119892788416523,ACTIVE,1,2025-07-14 00:55:04,1,2025-07-25 00:55:04,1,False
1967119892838748181,1967119892788416672,1967119892788416526,ACTIVE,6,2025-07-14 00:55:04,1,2025-09-06 00:55:04,1,False
1967119892838748182,1967119892788416672,1967119892788416527,ACTIVE,0,2025-07-14 00:55:04,1,2025-08-25 00:55:04,1,False
1967119892838748183,1967119892788416672,1967119892788416522,ACTIVE,7,2025-07-14 00:55:04,1,2025-07-19 00:55:04,1,False
1967119892838748184,1967119892788416672,1967119892788416525,ACTIVE,8,2025-07-14 00:55:04,1,2025-08-20 00:55:04,1,False
1967119892838748185,1967119892788416673,1967119892788416525,ACTIVE,5,2025-07-13 23:55:04,1,2025-07-21 23:55:04,1,False
1967119892838748186,1967119892788416673,1967119892788416523,ACTIVE,1,2025-07-13 23:55:04,1,2025-08-21 23:55:04,1,False
1967119892838748187,1967119892788416673,1967119892788416522,ACTIVE,6,2025-07-13 23:55:04,1,2025-07-17 23:55:04,1,False
1967119892838748188,1967119892788416674,1967119892788416522,EXPIRED,0,2025-07-21 03:55:04,1,2025-09-08 03:55:04,1,False
1967119892838748189,1967119892788416674,1967119892788416529,ACTIVE,1,2025-07-21 03:55:04,1,2025-08-03 03:55:04,1,False
1967119892838748190,1967119892788416674,1967119892788416523,ACTIVE,5,2025-07-21 03:55:04,1,2025-07-26 03:55:04,1,False
1967119892838748191,1967119892788416675,1967119892788416529,EXPIRED,6,2025-07-21 01:55:04,1,2025-08-02 01:55:04,1,False
1967119892838748192,1967119892788416675,1967119892788416528,ACTIVE,0,2025-07-21 01:55:04,1,2025-09-09 01:55:04,1,False
1967119892838748193,1967119892788416676,1967119892788416527,INACTIVE,7,2025-07-21 06:55:04,1,2025-08-31 06:55:04,1,False
1967119892838748194,1967119892788416676,1967119892788416522,ACTIVE,2,2025-07-21 06:55:04,1,2025-07-25 06:55:04,1,False
1967119892838748195,1967119892788416676,1967119892788416529,INACTIVE,1,2025-07-21 06:55:04,1,2025-09-04 06:55:04,1,False
1967119892838748196,1967119892788416677,1967119892788416528,INACTIVE,3,2025-07-20 22:55:04,1,2025-08-23 22:55:04,1,False
1967119892838748197,1967119892788416677,1967119892788416526,ACTIVE,4,2025-07-20 22:55:04,1,2025-08-16 22:55:04,1,False
1967119892838748198,1967119892788416677,1967119892788416529,EXPIRED,3,2025-07-20 22:55:04,1,2025-09-07 22:55:04,1,False
1967119892838748199,1967119892788416677,1967119892788416527,ACTIVE,6,2025-07-20 22:55:04,1,2025-08-17 22:55:04,1,False
1967119892838748200,1967119892788416677,1967119892788416524,ACTIVE,7,2025-07-20 22:55:04,1,2025-08-25 22:55:04,1,False
1967119892838748201,1967119892788416678,1967119892788416529,ACTIVE,0,2025-07-21 06:55:04,1,2025-08-06 06:55:04,1,False
1967119892838748202,1967119892788416678,1967119892788416526,ACTIVE,2,2025-07-21 06:55:04,1,2025-08-09 06:55:04,1,False
1967119892838748203,1967119892788416678,1967119892788416528,EXPIRED,5,2025-07-21 06:55:04,1,2025-08-30 06:55:04,1,False
1967119892838748204,1967119892788416679,1967119892788416526,EXPIRED,7,2025-07-21 00:55:04,1,2025-08-04 00:55:04,1,False
1967119892838748205,1967119892788416679,1967119892788416522,INACTIVE,2,2025-07-21 00:55:04,1,2025-08-16 00:55:04,1,False
1967119892838748206,1967119892788416680,1967119892788416523,EXPIRED,6,2025-07-28 03:55:04,1,2025-08-08 03:55:04,1,False
1967119892838748207,1967119892788416681,1967119892788416524,ACTIVE,2,2025-07-28 04:55:04,1,2025-08-05 04:55:04,1,False
1967119892838748208,1967119892788416681,1967119892788416526,ACTIVE,6,2025-07-28 04:55:04,1,2025-08-20 04:55:04,1,False
1967119892838748209,1967119892788416682,1967119892788416529,ACTIVE,3,2025-07-27 22:55:04,1,2025-08-10 22:55:04,1,False
1967119892838748210,1967119892788416682,1967119892788416524,ACTIVE,4,2025-07-27 22:55:04,1,2025-08-03 22:55:04,1,False
1967119892838748211,1967119892788416682,1967119892788416526,ACTIVE,6,2025-07-27 22:55:04,1,2025-09-13 22:55:04,1,False
1967119892838748212,1967119892788416683,1967119892788416525,INACTIVE,6,2025-07-28 00:55:04,1,2025-08-01 00:55:04,1,False
1967119892838748213,1967119892788416683,1967119892788416522,ACTIVE,4,2025-07-28 00:55:04,1,2025-08-06 00:55:04,1,False
1967119892838748214,1967119892788416684,1967119892788416522,INACTIVE,5,2025-07-28 00:55:04,1,2025-09-01 00:55:04,1,False
1967119892838748215,1967119892788416685,1967119892788416529,EXPIRED,1,2025-07-28 07:55:04,1,2025-08-25 07:55:04,1,False
1967119892838748216,1967119892788416685,1967119892788416526,ACTIVE,0,2025-07-28 07:55:04,1,2025-09-09 07:55:04,1,False
1967119892838748217,1967119892788416686,1967119892788416522,ACTIVE,4,2025-08-04 04:55:04,1,2025-09-11 04:55:04,1,False
1967119892838748218,1967119892788416687,1967119892788416525,INACTIVE,2,2025-08-03 22:55:04,1,2025-08-20 22:55:04,1,False
1967119892838748219,1967119892788416687,1967119892788416522,ACTIVE,0,2025-08-03 22:55:04,1,2025-08-26 22:55:04,1,False
1967119892838748220,1967119892788416688,1967119892788416527,EXPIRED,4,2025-08-04 03:55:04,1,2025-08-25 03:55:04,1,False
1967119892838748221,1967119892788416689,1967119892788416522,ACTIVE,2,2025-08-04 06:55:04,1,2025-08-26 06:55:04,1,False
1967119892838748222,1967119892788416689,1967119892788416528,ACTIVE,0,2025-08-04 06:55:04,1,2025-08-05 06:55:04,1,False
1967119892838748223,1967119892788416690,1967119892788416523,ACTIVE,5,2025-08-04 02:55:04,1,2025-09-03 02:55:04,1,False
1967119892838748224,1967119892788416691,1967119892788416524,ACTIVE,2,2025-08-04 04:55:04,1,2025-08-22 04:55:04,1,False
1967119892838748225,1967119892788416692,1967119892788416524,ACTIVE,3,2025-08-10 23:55:04,1,2025-08-17 23:55:04,1,False
1967119892838748226,1967119892788416692,1967119892788416523,ACTIVE,2,2025-08-10 23:55:04,1,2025-08-15 23:55:04,1,False
1967119892838748227,1967119892788416692,1967119892788416527,INACTIVE,1,2025-08-10 23:55:04,1,2025-09-09 23:55:04,1,False
1967119892838748228,1967119892788416693,1967119892788416529,EXPIRED,4,2025-08-11 03:55:04,1,2025-08-19 03:55:04,1,False
1967119892838748229,1967119892788416693,1967119892788416523,ACTIVE,1,2025-08-11 03:55:04,1,2025-09-06 03:55:04,1,False
1967119892838748230,1967119892788416693,1967119892788416524,EXPIRED,2,2025-08-11 03:55:04,1,2025-08-26 03:55:04,1,False
1967119892838748231,1967119892788416693,1967119892788416526,ACTIVE,1,2025-08-11 03:55:04,1,2025-09-12 03:55:04,1,False
1967119892838748232,1967119892788416694,1967119892788416528,INACTIVE,4,2025-08-11 01:55:04,1,2025-08-21 01:55:04,1,False
1967119892838748233,1967119892788416694,1967119892788416522,INACTIVE,2,2025-08-11 01:55:04,1,2025-09-08 01:55:04,1,False
1967119892838748234,1967119892788416695,1967119892788416527,INACTIVE,2,2025-08-10 22:55:04,1,2025-08-24 22:55:04,1,False
1967119892838748235,1967119892788416695,1967119892788416524,ACTIVE,2,2025-08-10 22:55:04,1,2025-09-01 22:55:04,1,False
1967119892838748236,1967119892788416696,1967119892788416525,ACTIVE,1,2025-08-11 02:55:04,1,2025-08-17 02:55:04,1,False
1967119892838748237,1967119892788416696,1967119892788416529,ACTIVE,0,2025-08-11 02:55:04,1,2025-08-27 02:55:04,1,False
1967119892838748238,1967119892788416697,1967119892788416527,EXPIRED,1,2025-08-11 00:55:04,1,2025-08-13 00:55:04,1,False
1967119892838748239,1967119892788416697,1967119892788416522,INACTIVE,3,2025-08-11 00:55:04,1,2025-09-08 00:55:04,1,False
1967119892838748240,1967119892788416698,1967119892788416525,ACTIVE,2,2025-08-11 00:55:04,1,2025-08-25 00:55:04,1,False
1967119892838748241,1967119892788416699,1967119892788416526,ACTIVE,3,2025-08-18 04:55:04,1,2025-09-07 04:55:04,1,False
1967119892838748242,1967119892788416699,1967119892788416525,INACTIVE,0,2025-08-18 04:55:04,1,2025-09-07 04:55:04,1,False
1967119892838748243,1967119892788416700,1967119892788416523,INACTIVE,1,2025-08-18 00:55:04,1,2025-08-18 00:55:04,1,False
1967119892838748244,1967119892788416700,1967119892788416528,ACTIVE,0,2025-08-18 00:55:04,1,2025-08-26 00:55:04,1,False
1967119892838748245,1967119892788416700,1967119892788416524,ACTIVE,3,2025-08-18 00:55:04,1,2025-08-19 00:55:04,1,False
1967119892838748246,1967119892788416701,1967119892788416527,INACTIVE,0,2025-08-17 22:55:04,1,2025-08-17 22:55:04,1,False
1967119892838748247,1967119892788416701,1967119892788416526,ACTIVE,2,2025-08-17 22:55:04,1,2025-09-04 22:55:04,1,False
1967119892838748248,1967119892788416702,1967119892788416526,ACTIVE,2,2025-08-18 04:55:04,1,2025-08-31 04:55:04,1,False
1967119892838748249,1967119892788416702,1967119892788416524,ACTIVE,2,2025-08-18 04:55:04,1,2025-08-24 04:55:04,1,False
1967119892838748250,1967119892788416702,1967119892788416523,ACTIVE,3,2025-08-18 04:55:04,1,2025-09-06 04:55:04,1,False
1967119892838748251,1967119892788416703,1967119892788416528,ACTIVE,3,2025-08-18 06:55:04,1,2025-08-19 06:55:04,1,False
1967119892838748252,1967119892788416703,1967119892788416526,ACTIVE,0,2025-08-18 06:55:04,1,2025-08-21 06:55:04,1,False
1967119892838748253,1967119892788416704,1967119892788416522,ACTIVE,3,2025-08-18 05:55:04,1,2025-08-31 05:55:04,1,False
1967119892838748254,1967119892788416704,1967119892788416526,ACTIVE,1,2025-08-18 05:55:04,1,2025-09-02 05:55:04,1,False
1967119892838748255,1967119892788416705,1967119892788416526,ACTIVE,0,2025-08-18 02:55:04,1,2025-08-26 02:55:04,1,False
1967119892838748256,1967119892788416705,1967119892788416529,ACTIVE,1,2025-08-18 02:55:04,1,2025-09-07 02:55:04,1,False
1967119892838748257,1967119892788416706,1967119892788416523,ACTIVE,0,2025-08-25 00:55:04,1,2025-09-12 00:55:04,1,False
1967119892838748258,1967119892788416707,1967119892788416527,INACTIVE,2,2025-08-24 22:55:04,1,2025-08-31 22:55:04,1,False
1967119892838748259,1967119892788416708,1967119892788416524,ACTIVE,0,2025-08-24 22:55:04,1,2025-09-06 22:55:04,1,False
1967119892838748260,1967119892788416708,1967119892788416528,ACTIVE,1,2025-08-24 22:55:04,1,2025-09-02 22:55:04,1,False
1967119892838748261,1967119892788416708,1967119892788416526,ACTIVE,1,2025-08-24 22:55:04,1,2025-08-24 22:55:04,1,False
1967119892838748262,1967119892788416709,1967119892788416528,ACTIVE,1,2025-08-25 06:55:04,1,2025-08-27 06:55:04,1,False
1967119892838748263,1967119892788416709,1967119892788416527,ACTIVE,1,2025-08-25 06:55:04,1,2025-09-11 06:55:04,1,False
1967119892838748264,1967119892788416709,1967119892788416525,ACTIVE,0,2025-08-25 06:55:04,1,2025-09-13 06:55:04,1,False
1967119892838748265,1967119892788416709,1967119892788416524,ACTIVE,0,2025-08-25 06:55:04,1,2025-09-05 06:55:04,1,False
1967119892838748266,1967119892788416710,1967119892788416522,ACTIVE,0,2025-08-25 07:55:04,1,2025-08-30 07:55:04,1,False
1967119892838748267,1967119892788416710,1967119892788416525,ACTIVE,2,2025-08-25 07:55:04,1,2025-08-30 07:55:04,1,False
1967119892838748268,1967119892788416711,1967119892788416523,INACTIVE,1,2025-08-25 07:55:04,1,2025-08-27 07:55:04,1,False
1967119892838748269,1967119892788416711,1967119892788416526,ACTIVE,1,2025-08-25 07:55:04,1,2025-09-04 07:55:04,1,False
1967119892838748270,1967119892788416711,1967119892788416529,INACTIVE,1,2025-08-25 07:55:04,1,2025-08-25 07:55:04,1,False
1967119892838748271,1967119892788416711,1967119892788416525,ACTIVE,1,2025-08-25 07:55:04,1,2025-08-29 07:55:04,1,False
1967119892838748272,1967119892788416711,1967119892788416528,ACTIVE,1,2025-08-25 07:55:04,1,2025-08-31 07:55:04,1,False
1967119892838748273,1967119892788416712,1967119892788416524,ACTIVE,1,2025-08-25 06:55:04,1,2025-09-12 06:55:04,1,False
1967119892838748274,1967119892788416712,1967119892788416527,ACTIVE,1,2025-08-25 06:55:04,1,2025-09-07 06:55:04,1,False
1967119892838748275,1967119892788416712,1967119892788416526,ACTIVE,0,2025-08-25 06:55:04,1,2025-09-01 06:55:04,1,False
1967119892838748276,1967119892788416713,1967119892788416525,ACTIVE,1,2025-08-31 21:55:04,1,2025-09-12 21:55:04,1,False
1967119892838748277,1967119892788416714,1967119892788416524,INACTIVE,1,2025-08-31 23:55:04,1,2025-09-12 23:55:04,1,False
1967119892838748278,1967119892788416714,1967119892788416527,ACTIVE,1,2025-08-31 23:55:04,1,2025-09-06 23:55:04,1,False
1967119892838748279,1967119892788416714,1967119892788416528,INACTIVE,0,2025-08-31 23:55:04,1,2025-09-13 23:55:04,1,False
1967119892838748280,1967119892788416715,1967119892788416528,ACTIVE,1,2025-09-01 07:55:04,1,2025-09-07 07:55:04,1,False
1967119892838748281,1967119892788416716,1967119892788416526,ACTIVE,1,2025-08-31 23:55:04,1,2025-09-08 23:55:04,1,False
1967119892838748282,1967119892788416717,1967119892788416522,ACTIVE,1,2025-08-31 23:55:04,1,2025-09-10 23:55:04,1,False
1967119892838748283,1967119892788416717,1967119892788416525,ACTIVE,0,2025-08-31 23:55:04,1,2025-09-09 23:55:04,1,False
1967119892838748284,1967119892788416718,1967119892788416529,ACTIVE,1,2025-09-01 01:55:04,1,2025-09-07 01:55:04,1,False
1967119892838748285,1967119892788416718,1967119892788416522,ACTIVE,1,2025-09-01 01:55:04,1,2025-09-13 01:55:04,1,False
1967119892838748286,1967119892788416718,1967119892788416527,ACTIVE,0,2025-09-01 01:55:04,1,2025-09-01 01:55:04,1,False
1967119892838748287,1967119892788416718,1967119892788416524,ACTIVE,0,2025-09-01 01:55:04,1,2025-09-10 01:55:04,1,False
1967119892838748288,1967119892788416718,1967119892788416523,ACTIVE,1,2025-09-01 01:55:04,1,2025-09-14 01:55:04,1,False
1967119892838748289,1967119892788416719,1967119892788416527,ACTIVE,0,2025-08-31 22:55:04,1,2025-09-12 22:55:04,1,False
1967119892838748290,1967119892788416719,1967119892788416524,ACTIVE,0,2025-08-31 22:55:04,1,2025-09-04 22:55:04,1,False
1967119892838748291,1967119892788416720,1967119892788416525,ACTIVE,1,2025-09-08 05:55:04,1,2025-09-11 05:55:04,1,False
1967119892838748292,1967119892788416720,1967119892788416529,ACTIVE,0,2025-09-08 05:55:04,1,2025-09-12 05:55:04,1,False
1967119892838748293,1967119892788416721,1967119892788416525,ACTIVE,0,2025-09-08 02:55:04,1,2025-09-10 02:55:04,1,False
1967119892838748294,1967119892788416721,1967119892788416524,ACTIVE,0,2025-09-08 02:55:04,1,2025-09-08 02:55:04,1,False
1967119892838748295,1967119892788416722,1967119892788416526,ACTIVE,1,2025-09-08 04:55:04,1,2025-09-09 04:55:04,1,False
1967119892838748296,1967119892788416722,1967119892788416523,ACTIVE,1,2025-09-08 04:55:04,1,2025-09-14 04:55:04,1,False
1967119892838748297,1967119892788416723,1967119892788416524,ACTIVE,0,2025-09-07 21:55:04,1,2025-09-09 21:55:04,1,False
1967119892838748298,1967119892788416723,1967119892788416527,ACTIVE,1,2025-09-07 21:55:04,1,2025-09-13 21:55:04,1,False
1967119892838748299,1967119892788416724,1967119892788416527,ACTIVE,1,2025-09-08 06:55:04,1,2025-09-09 06:55:04,1,False
1967119892838748300,1967119892788416724,1967119892788416522,ACTIVE,1,2025-09-08 06:55:04,1,2025-09-11 06:55:04,1,False
1967119892838748301,1967119892788416725,1967119892788416525,ACTIVE,1,2025-09-08 02:55:04,1,2025-09-08 02:55:04,1,False
1967119892838748302,1967119892788416726,1967119892788416526,ACTIVE,0,2025-09-08 06:55:04,1,2025-09-08 06:55:04,1,False
1967119892838748303,1967119892788416726,1967119892788416525,ACTIVE,0,2025-09-08 06:55:04,1,2025-09-12 06:55:04,1,False
1967119892838748304,1967119892788416726,1967119892788416528,ACTIVE,0,2025-09-08 06:55:04,1,2025-09-09 06:55:04,1,False
1967119892838748305,1967119892788416727,1967119892788416528,ACTIVE,0,2025-09-14 23:55:04,1,2025-09-15 23:55:04,1,False
1967119892838748306,1967119892788416727,1967119892788416523,ACTIVE,1,2025-09-14 23:55:04,1,2025-09-14 23:55:04,1,False
1967119892838748307,1967119892788416727,1967119892788416527,ACTIVE,1,2025-09-14 23:55:04,1,2025-09-14 23:55:04,1,False
1967119892838748308,1967119892788416727,1967119892788416524,ACTIVE,0,2025-09-14 23:55:04,1,2025-09-15 23:55:04,1,False
1967119892838748309,1967119892788416728,1967119892788416526,ACTIVE,0,2025-09-14 23:55:04,1,2025-09-15 23:55:04,1,False
1967119892838748310,1967119892788416728,1967119892788416528,ACTIVE,1,2025-09-14 23:55:04,1,2025-09-14 23:55:04,1,False
1967119892838748311,1967119892788416729,1967119892788416522,ACTIVE,1,2025-09-14 22:55:04,1,2025-09-14 22:55:04,1,False
1967119892838748312,1967119892788416729,1967119892788416523,ACTIVE,1,2025-09-14 22:55:04,1,2025-09-15 22:55:04,1,False
1967119892838748313,1967119892788416730,1967119892788416526,ACTIVE,1,2025-09-15 03:55:04,1,2025-09-15 03:55:04,1,False
1967119892838748314,1967119892788416730,1967119892788416525,ACTIVE,0,2025-09-15 03:55:04,1,2025-09-15 03:55:04,1,False
1967119892838748315,1967119892788416731,1967119892788416523,ACTIVE,0,2025-09-14 21:55:04,1,2025-09-14 21:55:04,1,False
1967119892838748316,1967119892788416732,1967119892788416523,ACTIVE,1,2025-09-15 02:55:04,1,2025-09-16 02:55:04,1,False
1967119892838748317,1967119892788416732,1967119892788416524,ACTIVE,1,2025-09-15 02:55:04,1,2025-09-15 02:55:04,1,False
1967119892838748318,1967119892788416732,1967119892788416527,ACTIVE,0,2025-09-15 02:55:04,1,2025-09-15 02:55:04,1,False
1967119892838748319,1967119892788416732,1967119892788416526,ACTIVE,1,2025-09-15 02:55:04,1,2025-09-16 02:55:04,1,False
1967119892838748320,1967119892788416732,1967119892788416529,ACTIVE,1,2025-09-15 02:55:04,1,2025-09-15 02:55:04,1,False
1967119892838748321,1967119892788416733,1967119892788416528,ACTIVE,0,2025-09-15 00:55:04,1,2025-09-15 00:55:04,1,False
1967119892838748322,1967119892788416733,1967119892788416529,ACTIVE,0,2025-09-15 00:55:04,1,2025-09-16 00:55:04,1,False
