id,name,phone,point,gender,created_at,created_by,updated_at,updated_by,deleted
1967119892838748323,Tú Quang Mai,(07) 2018 9950,36154,F,2022-12-19 09:09:11,1,2023-01-30 09:48:35,1,False
1967119892838748324,Hương Bùi,+84-95-597 7859,7645,M,2022-11-21 18:47:54,1,2024-10-05 03:56:09,1,False
1967119892838748325,Quý cô Thành Vũ,04 2349 1011,48889,F,2024-07-16 09:55:06,1,2025-02-11 07:41:14,1,False
1967119892838748326,Bà An Trần,(09) 9101 3408,13467,F,2023-07-05 14:04:09,1,2023-11-02 23:13:12,1,False
1967119892838748327,Chị Thảo Lê,06 5323 3435,30621,M,2024-07-08 03:13:08,1,2025-06-18 23:36:05,1,False
1967119892838748328,Ông Khoa Phạm,03 3524355,41374,M,2024-03-21 17:12:41,1,2024-10-03 10:39:58,1,False
1967119892838748329,Bác Hưng Hoàng,(09)736-3360,41015,F,2023-09-16 09:13:51,1,2025-07-14 21:39:52,1,False
1967119892838748330,Duyên Trần,05 3796242,28457,M,2023-08-05 00:55:12,1,2024-11-28 16:59:59,1,False
1967119892838748331,Dương Trần,03 0607 8787,33981,M,2023-02-11 16:20:18,1,2025-03-27 15:32:54,1,False
1967119892838748332,Hà Bùi,(08)489-0863,8037,F,2023-03-17 21:42:21,1,2024-08-01 21:18:44,1,False
1967119892838748333,Khoa Mai,+84-10-083877,8413,M,2022-09-24 05:22:23,1,2025-08-06 11:40:28,1,False
1967119892838748334,Chị An Lê,03 6970093,27362,M,2024-01-07 08:18:17,1,2024-09-06 22:09:47,1,False
1967119892838748335,Bà Lâm Mai,+84-77-088139,43287,F,2022-10-13 19:20:02,1,2025-01-11 07:47:55,1,False
1967119892838748336,Bà An Đặng,07 9703984,30604,F,2023-04-09 23:14:43,1,2025-05-14 20:33:06,1,False
1967119892838748337,Phúc Xuân Nguyễn,+84-03-060 5998,41164,F,2023-06-15 20:59:21,1,2025-08-13 06:06:47,1,False
1967119892838748338,Bà Thảo Đặng,08 7272577,15763,M,2024-02-11 10:14:02,1,2025-05-18 06:56:31,1,False
1967119892838748339,Quý ông Châu Vũ,(06) 8247 5800,23241,M,2023-08-25 02:32:15,1,2025-01-21 01:51:59,1,False
1967119892838748340,Bà Nhật Nguyễn,(02)294-7769,31941,F,2023-09-05 17:45:41,1,2024-10-01 05:25:52,1,False
1967119892838748341,Nam Lê,+84-14-543258,42091,F,2023-12-18 06:59:29,1,2025-03-03 19:53:02,1,False
1967119892838748342,Quang Dương,+84-42-158254,41234,F,2023-10-04 13:23:26,1,2025-05-09 11:31:32,1,False
1967119892838748343,Quang Trần,+84-27-768665,49053,M,2023-08-08 01:33:44,1,2023-08-15 13:51:26,1,False
1967119892838748344,Khoa Thế Nguyễn,(03) 0170 3900,41276,M,2022-11-07 03:47:57,1,2024-05-18 04:02:28,1,False
1967119892838748345,Cô Thành Nguyễn,(00)315-8567,25681,F,2023-04-23 20:03:45,1,2023-07-03 12:43:37,1,False
1967119892838748346,Bà Dương Vũ,(04)173-7474,5592,F,2023-12-09 07:21:37,1,2024-05-08 05:57:32,1,False
1967119892838748347,Chị Nhật Vũ,01 0505 6874,6702,M,2022-10-09 02:34:32,1,2024-08-14 22:43:34,1,False
1967119892838748348,Bà Hải Vũ,+84-02-267 2549,30354,M,2022-11-13 16:25:46,1,2025-03-25 04:48:30,1,False
1967119892838748349,Nam Lê,(01) 0704 2007,49432,F,2024-08-06 13:27:14,1,2025-08-01 01:40:31,1,False
1967119892838748350,Lâm Phú Hoàng,03 8237594,32081,F,2024-04-18 23:13:26,1,2024-05-22 04:37:25,1,False
1967119892838748351,Hạnh Nguyễn,(02)175-6082,12475,M,2023-09-24 22:19:33,1,2024-05-01 13:02:01,1,False
1967119892838748352,Ánh Dương,(02)480-2101,38578,M,2024-01-20 17:25:40,1,2024-03-27 18:56:01,1,False
1967119892838748353,Yến Dương,(01)076-9872,45800,M,2024-09-02 20:50:42,1,2025-04-12 00:41:48,1,False
1967119892838748354,Bà Lâm Dương,+84 92 5802817,23512,M,2023-07-31 15:31:14,1,2024-06-21 17:13:40,1,False
1967119892838748355,Lan Phạm,04 1716 0102,8829,F,2024-05-19 22:20:30,1,2025-03-18 05:23:03,1,False
1967119892838748356,Vi Trần,(04)825-2028,25253,M,2024-01-25 05:02:18,1,2025-04-22 20:20:22,1,False
1967119892838748357,Ông Nhiên Bùi,07 6741 1462,46476,M,2023-01-19 16:01:36,1,2023-06-30 03:58:45,1,False
1967119892838748358,Khoa Bảo Phạm,09 4920 3055,47308,M,2024-03-15 04:51:30,1,2024-07-09 13:50:41,1,False
1967119892838748359,Duyên Dương,(02)369-9303,17533,F,2024-09-08 11:24:53,1,2025-04-29 11:48:40,1,False
1967119892838748360,Lâm Mai,00 3369422,18590,M,2022-12-18 01:31:45,1,2023-12-09 10:26:31,1,False
1967119892838748361,Ông Khoa Nguyễn,+84-73-028 7910,49626,F,2024-07-16 12:12:20,1,2024-12-19 19:22:23,1,False
1967119892838748362,Kim Mai Bảo Phạm,00 0101810,21450,M,2024-09-02 13:55:56,1,2024-09-02 15:54:22,1,False
1967119892838748363,Ông Nam Lê,+84-44-601602,22966,F,2024-09-10 12:48:42,1,2025-03-21 16:50:57,1,False
1967119892838748364,Kim Đặng,+84-57-538448,41465,M,2023-02-02 22:54:58,1,2023-05-02 20:36:05,1,False
1967119892838748365,Tú Bùi,+84-44-829517,12052,F,2024-06-23 20:17:52,1,2024-12-09 02:17:36,1,False
1967119892838748366,Dương Lê,07 7509 3045,15793,M,2023-01-23 19:55:32,1,2024-06-02 17:08:12,1,False
1967119892838748367,Hải Văn Mai,05 1801 7597,45082,F,2024-05-06 02:05:18,1,2025-02-10 06:03:38,1,False
1967119892838748368,Nhật Hoàng,(08)377-1808,44013,F,2023-04-04 10:47:26,1,2023-05-23 03:50:59,1,False
1967119892838748369,Quý cô Hạnh Hoàng,00 1598168,26003,M,2024-05-04 11:59:20,1,2025-02-02 18:47:31,1,False
1967119892838748370,Bà Thảo Trần,+84 16 0234974,5306,M,2023-11-06 21:53:03,1,2025-04-25 20:33:51,1,False
1967119892838748371,Nhật Lê,04 8905842,11078,M,2024-09-06 04:06:26,1,2025-07-22 14:48:40,1,False
1967119892851331072,Mai Lê,(05) 8005 2613,5479,F,2023-07-18 11:58:45,1,2024-08-26 17:51:50,1,False
1967119892851331073,Quý cô Hương Nguyễn,06 8006 5619,3386,M,2025-05-23 19:45:31,1,2025-07-15 18:30:28,1,False
1967119892851331074,Nam Phạm,+84 98 5448876,3916,F,2023-12-13 20:35:58,1,2024-12-18 15:35:17,1,False
1967119892851331075,Tú Trí Nguyễn,09 8333 9932,1975,M,2024-09-17 18:14:51,1,2024-10-12 04:48:19,1,False
1967119892851331076,Bảo Phạm,+84-84-630 4436,2126,M,2024-08-02 20:58:40,1,2025-03-14 18:44:17,1,False
1967119892851331077,Vũ Mai,+84-71-767 5752,4252,M,2025-01-24 09:01:15,1,2025-04-04 02:18:41,1,False
1967119892851331078,Linh Lê,(01) 9597 8872,982,M,2025-03-04 23:59:50,1,2025-08-25 10:14:03,1,False
1967119892851331079,Bà Xuân Phạm,03 3212795,2074,M,2025-01-20 11:48:04,1,2025-07-07 18:31:31,1,False
1967119892851331080,Hương Trần,(03) 7090 4241,2418,M,2025-02-16 20:20:50,1,2025-07-07 22:41:12,1,False
1967119892851331081,Bà Ánh Hoàng,(03)666-1219,4987,F,2023-11-02 15:56:16,1,2024-03-01 19:36:24,1,False
1967119892851331082,Chị Hải Lê,+84 67 2723996,4179,F,2025-03-08 02:12:18,1,2025-03-24 10:33:05,1,False
1967119892851331083,Quý cô Ánh Hoàng,+84 02 4500787,2478,F,2025-01-27 15:27:19,1,2025-04-13 19:24:13,1,False
1967119892851331084,Thảo Nguyễn,00 7370543,946,M,2025-05-30 04:30:48,1,2025-07-10 00:09:03,1,False
1967119892851331085,Bà Phương Phạm,+84-93-701704,576,F,2025-04-18 18:27:39,1,2025-08-01 14:20:27,1,False
1967119892851331086,Quý cô Dương Đặng,+84-91-353524,4014,M,2023-11-01 19:33:11,1,2024-04-13 13:01:01,1,False
1967119892851331087,Chị Xuân Vũ,+84 31 8639122,4962,F,2024-01-23 03:54:59,1,2024-08-22 15:33:29,1,False
1967119892851331088,Bảo Trí Nguyễn,+84-22-983 0290,4403,F,2023-10-11 04:35:12,1,2025-06-26 12:22:21,1,False
1967119892851331089,Bảo Thế Hoàng,(05)505-1480,2948,M,2024-08-14 06:18:48,1,2025-04-04 20:43:11,1,False
1967119892851331090,Hoàng Bùi,03 0544817,2620,M,2025-01-23 08:14:24,1,2025-04-09 02:01:34,1,False
1967119892851331091,Quang Quang Bùi,(03) 0299 8813,1328,M,2024-01-04 00:47:55,1,2024-09-12 12:32:50,1,False
1967119892851331092,Tùng Hoàng,+84 84 7254959,2391,M,2024-01-23 18:50:15,1,2025-08-14 19:08:23,1,False
1967119892851331093,Bảo Hoàng,02 6565 7089,2937,M,2025-03-27 08:49:52,1,2025-04-01 20:42:58,1,False
1967119892851331094,Bà Khoa Phạm,08 7782 3162,4521,F,2024-03-25 04:35:15,1,2024-11-03 17:38:37,1,False
1967119892855525376,Nam Bảo Dương,06 9968096,2258,F,2023-10-29 18:31:49,1,2025-06-04 15:27:03,1,False
1967119892855525377,Cô Hương Dương,+84-41-284 2104,1695,M,2024-08-08 18:40:09,1,2024-09-04 08:15:44,1,False
1967119892855525378,Hải Quang Hoàng,03 4390 7811,204,F,2024-09-04 01:54:45,1,2025-05-05 16:51:22,1,False
1967119892855525379,Hải Trí Bùi,04 9332981,2665,M,2024-05-22 20:36:57,1,2024-08-05 21:15:44,1,False
1967119892855525380,Hưng Hải Đặng,(06)946-1715,153,M,2024-01-28 06:22:47,1,2025-03-01 03:20:45,1,False
1967119892855525381,Trọng Thế Đặng,02 1959 6616,300,M,2023-11-08 21:15:07,1,2025-01-08 07:33:43,1,False
1967119892855525382,Chị Lâm Vũ,+84-47-804606,2310,M,2024-02-25 17:57:48,1,2025-06-03 19:54:42,1,False
1967119892855525383,Chị Vi Phạm,+84 83 8794652,3153,F,2023-12-24 03:33:15,1,2024-02-13 09:38:05,1,False
1967119892855525384,Bảo Bảo Lê,+84 81 4511285,3199,F,2024-08-14 21:58:30,1,2025-08-24 21:29:35,1,False
1967119892855525385,Vân Bùi,+84 91 3881783,1805,F,2025-03-09 02:22:00,1,2025-03-25 16:08:53,1,False
1967119892855525386,Tú Bùi,05 5217082,4886,F,2025-05-05 17:17:19,1,2025-05-08 04:42:44,1,False
1967119892855525387,Duyên Trần,+84-09-816 3469,1513,F,2025-04-09 03:12:31,1,2025-07-16 22:47:26,1,False
1967119892855525388,Ánh Bùi,+84 21 5343718,2302,M,2025-03-09 23:22:32,1,2025-08-24 17:01:44,1,False
1967119892855525389,Hà Đức Trần,+84-84-161 0928,1493,M,2024-10-06 00:52:23,1,2025-03-25 07:51:51,1,False
1967119892855525390,Mai Bùi,+84-82-065 5956,4237,M,2024-06-19 02:12:59,1,2025-04-15 17:10:48,1,False
1967119892855525391,Dương Phạm,00 8698499,4814,F,2024-05-24 04:42:27,1,2025-07-07 12:59:00,1,False
1967119892855525392,Hà Văn Dương,+84-63-998 9749,1178,M,2025-01-10 17:14:29,1,2025-06-05 09:32:21,1,False
1967119892855525393,Quý cô Mai Phạm,(03) 2541 6235,1804,F,2024-06-17 23:37:34,1,2025-01-14 22:27:14,1,False
1967119892855525394,Bác Phúc Dương,+84-22-688666,4958,M,2023-12-31 15:02:43,1,2024-05-22 16:16:56,1,False
1967119892855525395,Phương Thế Mai,05 0452 7249,4336,F,2024-05-23 09:08:29,1,2024-12-09 14:34:04,1,False
1967119892855525396,Bảo Mai,07 1747 5265,480,F,2024-07-05 20:55:50,1,2025-06-21 05:31:52,1,False
1967119892855525397,Khoa Mai,(09)780-5262,1329,M,2024-09-22 15:07:34,1,2025-09-02 19:36:42,1,False
1967119892855525398,Nhật Tấn Hoàng,+84 01 1947918,4673,M,2023-12-10 22:33:49,1,2025-07-13 20:34:39,1,False
1967119892855525399,Quang Tấn Nguyễn,+84-75-960 1457,2576,F,2023-10-21 04:13:13,1,2024-08-05 09:40:14,1,False
1967119892859719680,Vi Bùi,+84-12-443 9093,1684,F,2024-03-08 07:54:15,1,2024-09-15 20:28:43,1,False
1967119892859719681,Vi Mai,+84 48 2510556,4832,M,2024-11-12 13:07:14,1,2025-02-26 11:14:43,1,False
1967119892859719682,Hoàng Hoàng Trần,06 3173 4492,2245,F,2023-12-16 17:51:58,1,2025-01-09 15:26:42,1,False
1967119892859719683,Anh Dũng Nguyễn,+84 28 0572773,3537,M,2023-12-04 20:28:42,1,2025-05-11 00:44:49,1,False
1967119892859719684,Kim Tấn Nguyễn,+84 98 8167847,2257,F,2024-02-29 17:34:50,1,2024-07-28 04:15:34,1,False
1967119892859719685,Ông Hoàng Lê,(03) 1383 6906,3265,F,2024-05-01 11:40:05,1,2025-04-20 07:15:04,1,False
1967119892859719686,An Văn Trần,09 0758854,4716,F,2023-11-21 01:30:30,1,2025-01-19 09:31:14,1,False
1967119892859719687,Phương Đức Vũ,(02) 7807 6592,4080,M,2025-05-04 19:48:36,1,2025-08-06 03:51:36,1,False
1967119892859719688,Tú Quang Lê,(02) 8191 6757,4093,M,2023-12-30 06:20:21,1,2024-07-21 11:13:02,1,False
1967119892859719689,Bà Thảo Mai,+84-34-163777,4705,M,2024-10-29 07:51:20,1,2025-09-11 05:49:31,1,False
1967119892859719690,Ánh Hoàng,06 9556 9052,2450,F,2024-09-12 17:06:00,1,2025-07-14 07:49:13,1,False
1967119892859719691,Anh Quang Trần,(08)137-0499,3134,M,2024-09-04 10:25:34,1,2025-02-24 23:56:52,1,False
1967119892859719692,Nam Trần,(09)820-5277,3154,M,2024-09-08 20:54:00,1,2024-12-28 23:08:37,1,False
1967119892859719693,Lâm Dương,+84-21-257 7389,655,M,2024-12-10 05:55:27,1,2025-08-11 14:24:53,1,False
1967119892859719694,Cô An Bùi,03 5981 7695,4533,F,2024-05-02 06:16:23,1,2024-09-14 06:50:37,1,False
1967119892859719695,Linh Nguyễn,+84-55-803586,1474,M,2024-07-06 11:21:33,1,2025-01-28 04:59:22,1,False
1967119892859719696,Cô Duyên Nguyễn,+84-75-338 5340,4516,M,2025-04-13 00:29:39,1,2025-08-11 14:53:54,1,False
1967119892859719697,Bảo Trần,+84-57-481 5614,4214,F,2025-03-28 11:53:08,1,2025-07-17 08:37:31,1,False
1967119892859719698,Nhiên Bùi,07 4333674,3183,M,2024-02-11 19:47:08,1,2025-03-15 18:30:17,1,False
1967119892859719699,Vũ Quang Bùi,09 3742485,2978,M,2024-12-29 08:50:38,1,2025-08-12 06:43:36,1,False
1967119892859719700,Huy Tấn Hoàng,(07) 6976 4092,184,M,2025-06-15 09:08:21,1,2025-06-26 21:59:17,1,False
1967119892859719701,An Vũ,+84 17 5690647,749,M,2024-12-05 00:05:44,1,2025-02-17 19:15:08,1,False
1967119892859719702,Quý cô Hồng Nguyễn,+84 56 1363335,212,M,2024-01-12 04:25:27,1,2025-06-28 18:38:16,1,False
1967119892859719703,Bà Nhật Lê,+84-53-585598,4451,M,2024-02-07 07:25:51,1,2025-09-05 15:05:10,1,False
1967119892859719704,Anh Đức Nguyễn,(08) 7540 3982,864,F,2025-04-30 09:11:20,1,2025-05-24 21:38:52,1,False
1967119892863913984,Lâm Bùi,+84 03 6662475,337,M,2025-04-16 10:47:54,1,2025-05-20 19:12:38,1,False
1967119892863913985,Tùng Quang Mai,+84-09-060535,969,F,2025-04-10 02:06:01,1,2025-08-30 14:48:28,1,False
1967119892863913986,Anh Bảo Hoàng,(03)266-2933,2568,F,2023-09-25 14:40:05,1,2025-06-21 15:30:29,1,False
1967119892863913987,An Trần,(06) 1611 5644,4853,F,2025-06-03 14:51:34,1,2025-09-01 11:07:38,1,False
1967119892863913988,Anh Quang Nguyễn,+84-04-649102,4044,M,2025-04-16 06:37:02,1,2025-05-07 09:14:11,1,False
1967119892863913989,Chi Mai,08 2690245,3049,M,2024-05-19 22:33:30,1,2024-09-18 01:39:16,1,False
1967119892863913990,Cô Thành Vũ,+84 14 8088910,3249,M,2024-02-16 07:24:38,1,2024-11-29 10:15:34,1,False
1967119892863913991,Anh Quang Lê,+84-97-005954,385,M,2024-10-29 09:09:58,1,2025-05-01 21:08:25,1,False
1967119892863913992,Bảo Dương,05 6273622,1547,F,2023-11-21 05:45:09,1,2024-07-31 20:26:01,1,False
1967119892863913993,Hạnh Dương,(06)291-1779,825,F,2025-03-20 18:02:51,1,2025-05-17 12:05:15,1,False
1967119892863913994,Hạnh Phạm,09 9512 0522,139,F,2025-03-29 03:25:12,1,2025-08-07 21:37:21,1,False
1967119892863913995,An Nguyễn,+84-99-785414,2666,M,2024-03-02 21:31:38,1,2025-01-23 03:00:53,1,False
1967119892863913996,Cô Hạnh Trần,(02) 6311 5686,1296,F,2024-03-26 03:45:55,1,2024-06-15 14:15:48,1,False
1967119892868108288,Anh Nhiên Đặng,(06) 9826 5822,3249,F,2025-05-06 02:35:57,1,2025-07-10 18:18:00,1,False
1967119892868108289,Hoàng Phú Hoàng,05 4514381,133,M,2024-09-24 18:19:23,1,2025-04-11 14:28:22,1,False
1967119892868108290,Xuân Đặng,+84-20-362 7821,1173,F,2024-02-02 21:04:15,1,2024-04-14 12:50:02,1,False
1967119892868108291,Bà Hương Trần,08 4046 5214,3771,M,2024-05-19 16:37:26,1,2025-04-16 06:35:00,1,False
1967119892868108292,Hưng Xuân Lê,+84-26-232926,4470,F,2025-02-25 06:22:47,1,2025-05-08 22:53:29,1,False
1967119892868108293,Chi Hoàng,+84 80 0226860,611,F,2023-12-02 17:36:02,1,2024-01-26 06:22:42,1,False
1967119892868108294,Chị Kim Nguyễn,07 5740 1599,4494,F,2024-08-06 04:49:57,1,2024-10-22 06:03:04,1,False
1967119892868108295,Quý cô Hạnh Mai,(04) 8932 1693,458,M,2024-05-19 10:29:41,1,2025-02-02 05:04:46,1,False
1967119892868108296,Duyên Mai,04 6086 9747,1513,F,2024-06-27 04:26:33,1,2025-09-06 20:42:15,1,False
1967119892868108297,Cô Dương Trần,00 9638847,526,M,2024-11-12 03:12:32,1,2025-04-14 22:29:09,1,False
1967119892868108298,Hương Mai,+84-77-924 9378,4489,M,2024-12-12 15:28:55,1,2025-09-03 12:59:58,1,False
1967119892868108299,An Thế Bùi,+84 94 0998754,2506,M,2024-03-30 23:12:19,1,2025-02-18 19:29:47,1,False
1967119892868108300,Dương Mai,+84-94-524331,1526,M,2024-02-02 04:44:46,1,2024-08-06 14:25:42,1,False
1967119892868108301,Chị Phương Đặng,+84 36 7838423,1972,M,2024-02-29 11:53:43,1,2025-03-09 18:39:38,1,False
1967119892868108302,Phúc Phạm,+84-42-103468,1402,M,2024-12-29 10:10:34,1,2025-04-04 01:42:05,1,False
1967119892868108303,Hải Mai Bảo Phạm,+84-38-655 4652,2109,F,2024-07-14 21:24:38,1,2025-06-11 22:34:04,1,False
1967119892868108304,Cô Nhật Phạm,05 2319 9765,926,F,2024-08-25 19:59:23,1,2025-05-09 14:11:44,1,False
1967119892872302592,Quý ông Thành Dương,09 1950499,3921,M,2024-03-25 21:23:01,1,2025-01-17 12:40:43,1,False
1967119892872302593,Hồng Nguyễn,+84 84 1372764,2277,F,2024-11-06 08:00:55,1,2025-01-31 14:56:59,1,False
1967119892872302594,Bà Lan Hoàng,+84 98 2820201,4096,M,2024-02-29 14:38:52,1,2024-03-10 08:19:42,1,False
1967119892872302595,Cô Khoa Bùi,+84-10-251 8019,233,F,2025-01-05 05:28:08,1,2025-07-30 09:10:56,1,False
1967119892872302596,Minh Tấn Đặng,+84-94-671 9019,4159,F,2024-07-24 08:45:33,1,2025-05-01 11:06:15,1,False
1967119892872302597,Bà Lan Nguyễn,+84-50-195346,3080,M,2024-11-03 08:56:03,1,2025-07-11 13:41:49,1,False
1967119892872302598,Thành Hoàng,+84-59-321008,774,F,2024-07-02 09:03:35,1,2024-07-05 02:13:39,1,False
1967119892872302599,Hạnh Phú Phạm,+84-24-121 8103,4870,F,2024-12-30 06:42:57,1,2025-08-30 14:22:41,1,False
1967119892872302600,Chị Yến Trần,+84-17-252 1699,2560,F,2024-06-12 14:30:27,1,2025-07-03 22:11:07,1,False
1967119892872302601,Nhật Đức Vũ,+84 75 6361317,3617,F,2024-04-01 15:07:30,1,2025-08-29 02:49:05,1,False
1967119892872302602,Quang Phú Hoàng,06 7745988,4900,F,2024-05-19 10:51:32,1,2024-05-22 07:53:48,1,False
1967119892872302603,Chị Yến Nguyễn,+84-70-608 8104,3225,F,2023-12-13 03:43:15,1,2024-07-19 08:23:12,1,False
1967119892872302604,Bảo Mai Bảo Vũ,+84-75-044 9365,4966,M,2025-03-28 10:47:12,1,2025-07-21 16:35:25,1,False
1967119892872302605,Dương Nguyễn,+84-06-138 0977,2481,F,2025-01-21 13:09:44,1,2025-08-11 04:19:51,1,False
1967119892872302606,Hưng Quang Lê,(03)243-1324,4686,M,2024-11-12 21:20:53,1,2025-01-12 17:39:15,1,False
1967119892872302607,Cô Vân Dương,04 2711216,4027,F,2024-07-11 20:45:36,1,2025-03-25 20:15:46,1,False
1967119892872302608,Anh Trọng Đặng,+84-36-091642,4026,M,2025-01-19 09:50:04,1,2025-03-17 17:06:22,1,False
1967119892876496896,Chị Lâm Mai,07 0498263,343,M,2025-04-26 21:40:08,1,2025-07-12 02:22:39,1,False
1967119892876496897,Bà Hương Hoàng,(09) 9206 3096,1769,F,2025-01-28 18:25:38,1,2025-05-03 09:54:34,1,False
1967119892876496898,Cô Dương Dương,(04)226-2391,2190,M,2025-04-04 03:00:37,1,2025-07-01 01:13:50,1,False
1967119892876496899,Bảo Phạm,+84 57 8385449,2656,F,2025-05-06 21:49:23,1,2025-08-11 20:10:31,1,False
1967119892876496900,Lâm Hoàng,+84-60-427 5008,1026,M,2024-06-26 10:02:17,1,2024-07-13 11:48:53,1,False
1967119892876496901,Vũ Đặng,05 8848431,3842,F,2024-12-23 20:31:53,1,2025-02-26 15:56:21,1,False
1967119892880691200,Dũng Hoàng,+84-47-346 8328,2872,F,2023-09-30 08:31:20,1,2025-01-03 22:45:32,1,False
1967119892880691201,Quang Mai,+84-70-230709,4333,M,2024-05-18 18:38:08,1,2024-08-04 10:24:29,1,False
1967119892880691202,Anh Nhiên Mai,+84-00-719136,2647,M,2025-03-26 16:02:05,1,2025-06-26 18:14:49,1,False
1967119892880691203,Xuân Đặng,(03) 9455 9853,2472,M,2024-05-08 16:59:45,1,2024-07-18 23:53:57,1,False
1967119892880691204,Ông Quang Vũ,02 2878383,4580,F,2025-04-30 18:16:55,1,2025-09-01 01:13:04,1,False
1967119892880691205,Nhiên Mai,02 7879835,3930,F,2024-08-06 19:00:33,1,2025-02-06 12:51:10,1,False
1967119892880691206,Quý cô Thành Phạm,04 2534509,1405,F,2024-12-31 16:58:52,1,2025-05-03 06:18:27,1,False
1967119892880691207,Hải Văn Phạm,05 3326 9265,379,M,2025-04-10 19:22:45,1,2025-05-12 13:14:35,1,False
1967119892880691208,Bà Nhật Lê,(02)162-8587,4118,F,2024-01-24 08:00:49,1,2025-08-03 07:52:11,1,False
1967119892880691209,Khoa Quang Hoàng,+84 68 0635066,1319,F,2023-11-07 19:42:03,1,2025-04-11 03:57:15,1,False
1967119892880691210,Anh Nam Đặng,+84-55-358453,974,M,2024-08-07 07:36:42,1,2025-07-09 12:03:30,1,False
1967119892880691211,Hồng Hoàng,07 6070 2745,4310,F,2024-02-20 09:42:56,1,2024-08-07 11:22:21,1,False
1967119892880691212,Nam Thị Đặng,(05)499-3309,3943,F,2024-12-06 14:40:31,1,2024-12-13 01:21:51,1,False
1967119892880691213,Quý ông Minh Dương,05 7591 5516,1991,F,2023-10-24 19:00:50,1,2025-07-08 18:44:24,1,False
1967119892880691214,Ông Hưng Lê,+84 33 0195935,1111,M,2023-09-17 23:35:35,1,2025-03-21 21:09:43,1,False
1967119892880691215,Anh Anh Hoàng,+84-49-859 2234,821,M,2024-03-12 05:33:27,1,2025-08-14 13:12:03,1,False
1967119892880691216,Anh Vũ Mai,+84-22-921 9133,1465,F,2025-03-06 08:10:55,1,2025-06-20 22:40:31,1,False
1967119892880691217,Ông Quang Nguyễn,+84-95-620938,2586,F,2024-11-27 22:38:50,1,2025-07-07 19:32:58,1,False
1967119892880691218,Nhiên Mai Lê,+84-55-272 0951,3910,F,2024-11-27 00:45:24,1,2024-12-07 07:59:38,1,False
1967119892880691219,Bảo Trần,+84-82-669 7823,1718,M,2023-11-12 08:24:03,1,2024-12-12 06:27:52,1,False
1967119892884885504,Xuân Trần,01 9645327,249,F,2024-11-02 20:39:53,1,2025-03-15 19:27:03,1,False
1967119892884885505,Vân Hoàng,+84-64-867495,4496,F,2025-04-06 07:57:07,1,2025-07-13 05:18:53,1,False
1967119892884885506,Nam Phú Đặng,01 5908 2505,226,F,2023-12-11 02:49:56,1,2025-05-08 06:39:18,1,False
1967119892884885507,Quang Vũ,+84-52-482 8015,4768,M,2024-05-16 02:12:52,1,2025-06-08 11:40:27,1,False
1967119892884885508,Thảo Bùi,08 9482 6417,1100,M,2023-11-12 13:16:41,1,2024-10-24 15:47:49,1,False
1967119892884885509,Bà Ánh Dương,+84 91 0890303,2304,F,2025-06-08 18:47:41,1,2025-08-14 10:45:23,1,False
1967119892884885510,Ông Nam Mai,04 6068 0648,2133,M,2024-05-18 06:40:22,1,2025-06-28 22:13:08,1,False
1967119892884885511,Hải Quang Dương,+84-70-803991,3940,F,2025-03-26 06:40:40,1,2025-06-21 20:30:17,1,False
1967119892884885512,Anh Vũ,(02) 6549 8510,867,M,2024-05-23 13:45:30,1,2024-07-05 01:49:55,1,False
1967119892884885513,Nhật Phú Hoàng,(00) 6069 6352,3400,M,2024-01-27 23:11:49,1,2025-05-08 11:58:15,1,False
1967119892884885514,Ánh Dương,+84-98-851662,101,F,2024-10-09 21:09:53,1,2025-08-01 09:34:59,1,False
1967119892889079808,Ông Trung Hoàng,+84 52 4317727,993,M,2024-05-13 01:17:39,1,2025-06-20 23:09:26,1,False
1967119892889079809,Minh Nguyễn,07 6968019,1975,F,2024-10-19 00:56:02,1,2024-12-08 18:33:06,1,False
1967119892889079810,Bà Chi Lê,+84-03-573 6307,3501,M,2025-05-05 20:46:12,1,2025-05-11 11:40:21,1,False
1967119892889079811,Cô An Hoàng,+84 98 3845023,3232,M,2023-10-22 11:48:27,1,2025-08-13 22:08:00,1,False
1967119892889079812,Hà Trí Lê,02 6610 0780,322,M,2025-02-06 22:25:38,1,2025-02-25 19:25:18,1,False
1967119892889079813,Ông Bảo Phạm,(07) 7343 6739,3646,F,2025-02-07 18:47:21,1,2025-06-20 17:53:05,1,False
1967119892889079814,Bác Vũ Phạm,(07) 0562 0008,381,M,2025-01-28 13:24:11,1,2025-02-03 13:47:23,1,False
1967119892889079815,Nam Dương,+84 97 1337790,4327,M,2024-07-04 06:00:50,1,2025-04-25 04:27:20,1,False
1967119892889079816,Nam Nguyễn,+84-50-569 4204,2244,M,2024-04-04 03:50:44,1,2024-07-06 23:14:55,1,False
1967119892889079817,Hạnh Mai Bảo Mai,+84-68-909224,2533,M,2024-12-14 17:40:36,1,2025-02-11 14:24:54,1,False
1967119892889079818,Ngọc Vũ,+84-36-536 7885,4727,M,2024-04-25 00:43:59,1,2025-08-06 09:26:40,1,False
1967119892889079819,Ông Dũng Lê,00 0906400,1999,F,2024-08-07 09:42:07,1,2024-10-01 07:57:59,1,False
1967119892889079820,Ông Quang Đặng,09 7241691,3454,F,2023-09-18 04:30:34,1,2024-03-06 16:32:51,1,False
1967119892889079821,Cô Hải Dương,(01)784-8442,4486,F,2023-12-12 13:33:42,1,2024-10-14 11:22:22,1,False
1967119892893274112,Thảo Vũ,(04) 6235 3542,163,F,2024-04-03 16:14:25,1,2025-03-05 00:44:36,1,False
1967119892893274113,Xuân Đặng,05 8521 2061,511,M,2024-01-09 18:05:29,1,2025-06-15 10:32:29,1,False
1967119892893274114,Chị Hương Nguyễn,+84-58-866 1875,1652,M,2024-02-01 02:55:42,1,2025-02-23 08:32:38,1,False
1967119892893274115,Hà Mai Bảo Lê,09 1130 4154,1673,M,2024-07-02 17:08:26,1,2024-08-16 15:51:48,1,False
1967119892893274116,Minh Nguyễn,09 0918079,1191,F,2024-04-16 20:59:42,1,2024-04-21 09:05:37,1,False
1967119892893274117,Nhiên Nguyễn,(00) 5915 6061,1487,F,2023-11-06 06:14:21,1,2025-03-22 22:21:25,1,False
1967119892893274118,Kim Hoàng Lê,(08)889-1624,472,F,2024-08-12 00:26:03,1,2025-05-21 23:49:11,1,False
1967119892893274119,Ánh Nguyễn,+84-74-403586,3965,F,2025-02-09 14:25:53,1,2025-05-20 20:44:56,1,False
1967119892893274120,Lâm Hải Bùi,00 8428802,1448,F,2024-03-07 06:33:55,1,2024-09-07 16:41:36,1,False
1967119892893274121,Cô Linh Phạm,+84-00-685 9166,3562,F,2025-01-27 18:02:53,1,2025-04-15 14:17:57,1,False
1967119892893274122,Duyên Lê,+84 28 0159517,1327,F,2025-04-04 05:36:24,1,2025-05-20 04:37:56,1,False
1967119892893274123,Bà Dương Đặng,+84-38-853 3494,2669,F,2024-04-02 15:22:23,1,2024-06-08 10:49:57,1,False
1967119892893274124,Thành Mai Vũ,(01)108-5066,913,M,2024-07-03 08:45:59,1,2025-01-01 04:17:01,1,False
1967119892893274125,Anh Minh Bùi,06 6847263,4291,F,2025-04-24 19:49:22,1,2025-06-05 16:19:23,1,False
1967119892893274126,Hà Hoàng,(04) 9726 8577,4773,F,2024-12-13 02:20:17,1,2025-08-07 11:26:12,1,False
1967119892893274127,Tú Bảo Hoàng,08 5684 3144,2564,F,2025-03-31 07:02:57,1,2025-07-10 20:58:25,1,False
1967119892893274128,Vân Nguyễn,+84-76-795 4586,729,M,2024-11-21 05:43:02,1,2024-12-16 01:41:01,1,False
1967119892893274129,Cô Hạnh Nguyễn,+84-03-211 5310,1033,M,2025-06-14 08:02:34,1,2025-08-02 14:48:15,1,False
1967119892893274130,Cô Hải Trần,(01) 9153 5513,3074,M,2025-02-20 14:02:59,1,2025-07-01 14:56:50,1,False
1967119892893274131,Nhật Lê,(04) 0192 3993,3249,M,2024-09-09 11:33:38,1,2024-12-23 02:19:05,1,False
1967119892893274132,Kim Hoàng,+84-99-043489,348,F,2024-03-19 00:56:18,1,2024-04-20 18:44:36,1,False
1967119892897468416,Nhật Thị Dương,(03)459-7725,1453,M,2025-04-27 01:15:45,1,2025-05-18 05:26:03,1,False
1967119892897468417,Nam Bảo Mai,+84-08-109303,412,F,2024-03-27 06:32:55,1,2025-07-18 13:45:50,1,False
1967119892897468418,Khoa Mai Đặng,09 0601 7738,4665,M,2025-04-05 11:39:33,1,2025-06-17 08:00:15,1,False
1967119892897468419,Quý cô Hà Đặng,03 1047 3992,2668,M,2025-04-20 03:18:50,1,2025-05-02 05:51:40,1,False
1967119892897468420,Bà Hà Lê,+84 03 5846119,2284,M,2025-06-11 22:08:28,1,2025-07-29 02:10:12,1,False
1967119892897468421,Bảo Trần,(07) 1902 9524,895,M,2024-03-25 15:14:28,1,2024-08-26 00:00:35,1,False
1967119892897468422,Lâm Bùi,+84-04-313586,4689,M,2023-12-05 06:31:30,1,2025-08-18 02:08:52,1,False
1967119892897468423,Chị Lâm Hoàng,(00) 7903 3364,2201,M,2024-08-22 16:52:38,1,2025-07-27 09:08:11,1,False
1967119892897468424,Trung Bùi,(07)003-6243,2665,M,2024-09-17 19:47:06,1,2024-12-26 23:34:52,1,False
1967119892897468425,Linh Lê,(01)085-1443,3964,M,2024-07-18 21:33:54,1,2024-11-15 10:55:14,1,False
1967119892897468426,Nhật Hữu Dương,+84 19 2483143,583,M,2024-08-29 00:07:27,1,2025-02-11 18:49:13,1,False
1967119892897468427,Lan Bùi,06 6330124,2860,M,2023-12-27 11:56:39,1,2024-01-15 13:38:43,1,False
1967119892897468428,Thành Xuân Phạm,+84-31-201 3009,2625,M,2024-10-04 22:30:51,1,2025-03-08 21:58:05,1,False
1967119892897468429,Hà Lê,04 7941902,3638,M,2024-10-25 13:50:14,1,2024-12-12 22:47:50,1,False
1967119892897468430,Anh Châu Hoàng,00 9050 7364,3578,M,2024-06-30 16:25:41,1,2024-12-08 05:48:44,1,False
1967119892897468431,Bác Minh Lê,07 6037754,705,F,2024-01-29 16:02:32,1,2024-11-29 18:18:52,1,False
1967119892897468432,Vân Nguyễn,(09)582-6487,1115,F,2023-11-14 04:23:01,1,2024-01-31 18:56:41,1,False
1967119892897468433,Hồng Mai,(06)296-7713,2233,M,2024-06-05 19:31:04,1,2024-12-03 00:45:51,1,False
1967119892897468434,Bà Duyên Đặng,06 7128569,3457,M,2024-02-14 20:37:58,1,2024-09-20 17:50:49,1,False
1967119892901662720,Ông Nam Hoàng,+84-59-931461,575,F,2024-03-10 20:36:44,1,2025-06-08 16:42:34,1,False
1967119892901662721,Hương Dương,+84-64-734 4352,115,F,2023-11-30 20:38:38,1,2024-03-12 10:27:30,1,False
1967119892901662722,An Bùi,+84 07 9881659,2451,M,2024-07-24 12:09:55,1,2025-08-23 03:30:14,1,False
1967119892901662723,Anh Châu Hoàng,+84-53-342 0189,3628,F,2024-10-27 17:07:31,1,2025-02-24 12:41:22,1,False
1967119892901662724,Lan Dương,+84-53-572129,2613,F,2025-04-24 21:01:23,1,2025-05-10 17:17:15,1,False
1967119892901662725,Khoa Thế Mai,(08) 9271 7790,2022,M,2024-08-19 16:25:12,1,2024-12-05 13:38:25,1,False
1967119892901662726,Thành Lê,+84 45 0826094,1724,F,2024-12-15 07:22:54,1,2025-04-28 21:21:00,1,False
1967119892901662727,Lâm Thế Phạm,01 8463963,4499,F,2024-11-30 18:46:45,1,2025-06-04 19:25:17,1,False
1967119892901662728,Hải Xuân Vũ,(03) 9676 2724,2312,F,2024-04-06 12:04:19,1,2025-04-08 13:40:55,1,False
1967119892901662729,Lâm Mai Bảo Lê,(06)529-7559,930,F,2024-11-22 21:51:39,1,2025-06-21 20:42:16,1,False
1967119892901662730,Hoàng Hoàng,+84 82 5733918,3095,F,2023-12-25 20:55:26,1,2024-05-01 09:44:10,1,False
1967119892901662731,Bác Tùng Trần,+84-46-047068,2538,F,2024-06-03 17:38:54,1,2024-07-19 17:55:06,1,False
1967119892901662732,Cô Hải Phạm,(09)072-0162,4565,F,2024-01-09 01:08:58,1,2025-01-21 00:11:19,1,False
1967119892901662733,Xuân Hoàng,+84 68 3088087,3463,F,2024-02-08 09:43:28,1,2024-09-03 04:48:08,1,False
1967119892901662734,Kim Đức Nguyễn,+84 20 4860923,2084,M,2025-01-17 11:01:33,1,2025-08-08 07:56:55,1,False
1967119892901662735,Phương Hoàng Đặng,+84-46-933 8915,3486,F,2024-11-24 00:48:14,1,2024-12-05 15:52:56,1,False
1967119892901662736,Lâm Tấn Đặng,(01) 5626 9251,2155,F,2024-05-04 18:15:10,1,2025-09-06 23:26:09,1,False
1967119892901662737,Ông Khoa Mai,+84-55-251283,1752,M,2024-02-10 23:31:37,1,2025-08-09 11:23:56,1,False
1967119892901662738,Phương Nguyễn,+84-46-071 8791,1057,M,2023-11-29 06:52:22,1,2024-03-14 01:56:50,1,False
1967119892901662739,Thảo Mai,+84-59-676856,579,M,2024-11-17 21:20:49,1,2025-02-05 16:12:15,1,False
1967119892901662740,Vũ Hoàng,+84-23-697938,1546,M,2024-02-27 00:49:22,1,2024-02-28 04:33:03,1,False
1967119892901662741,Nam Hữu Dương,08 4433 2960,3995,M,2024-06-07 12:17:10,1,2024-12-06 04:49:44,1,False
1967119892901662742,Phúc Phú Đặng,(05)222-8335,2257,M,2025-02-25 19:25:47,1,2025-09-02 15:37:23,1,False
1967119892905857024,Lâm Văn Bùi,(01)219-8001,4123,F,2023-12-08 14:16:29,1,2024-05-06 10:21:17,1,False
1967119892905857025,Bác Dũng Mai,(08)642-0783,3738,M,2023-10-21 07:40:42,1,2024-04-30 14:44:30,1,False
1967119892905857026,Nam Văn Trần,(09)040-6190,4488,F,2024-09-19 01:31:02,1,2025-01-18 04:20:41,1,False
1967119892905857027,Vũ Bảo Nguyễn,+84-13-677 8847,3349,F,2024-08-30 09:18:36,1,2025-02-03 22:20:20,1,False
1967119892905857028,Chị Thảo Bùi,+84 91 2071236,1490,F,2024-04-25 10:17:33,1,2025-07-24 09:27:33,1,False
1967119892905857029,Kim Lê,00 0173 3217,4226,F,2025-04-10 00:03:37,1,2025-06-29 21:16:37,1,False
1967119892905857030,Duyên Mai,(05) 2803 3332,4379,F,2024-08-28 17:06:36,1,2025-04-07 19:02:28,1,False
1967119892905857031,Khoa Quang Đặng,+84 82 9333896,4152,F,2024-08-27 05:44:04,1,2024-10-02 00:01:25,1,False
1967119892905857032,Nhật Xuân Vũ,03 8776672,2853,F,2024-10-03 14:30:13,1,2025-01-02 09:27:20,1,False
1967119892905857033,Duyên Nguyễn,+84-86-693494,3858,M,2024-02-25 11:51:30,1,2025-05-04 14:07:23,1,False
1967119892905857034,Bà Vân Mai,(02) 9405 1341,3215,M,2024-01-26 12:01:56,1,2025-02-05 17:20:36,1,False
1967119892905857035,Cô Dương Đặng,07 7365 2783,1369,M,2024-08-31 14:28:51,1,2024-09-27 15:20:48,1,False
1967119892905857036,Hồng Hoàng,01 1198 8729,3268,F,2024-03-02 23:38:56,1,2024-06-18 22:08:44,1,False
1967119892905857037,Kim Mai Hoàng,+84-73-052237,1451,M,2025-06-01 05:09:24,1,2025-07-07 01:48:35,1,False
1967119892905857038,Bà Khoa Vũ,+84-47-869 8397,3340,F,2023-11-08 18:48:08,1,2024-01-27 16:57:11,1,False
1967119892905857039,Cô An Hoàng,+84-02-796 9262,3940,M,2024-02-08 19:29:00,1,2024-08-06 10:39:18,1,False
1967119892905857040,Phúc Vũ,02 5703 0125,4022,M,2024-03-04 11:29:30,1,2024-06-26 18:37:41,1,False
1967119892905857041,Bà Xuân Mai,+84 81 5689204,2682,F,2024-07-15 23:47:51,1,2024-08-15 16:08:57,1,False
1967119892905857042,An Đặng,+84-73-934 9060,2255,M,2023-10-25 04:28:32,1,2024-02-04 23:25:59,1,False
1967119892905857043,Cô Yến Bùi,04 7991 7448,2210,F,2025-03-06 07:14:18,1,2025-04-27 18:09:16,1,False
1967119892905857044,Hoàng Mai Mai,00 7186305,2536,M,2025-01-01 06:05:05,1,2025-07-08 05:12:40,1,False
1967119892910051328,Hà Trần,+84-67-974251,1483,F,2025-02-26 03:23:24,1,2025-09-12 19:28:51,1,False
1967119892910051329,Nhật Bảo Hoàng,+84-66-885514,2834,F,2024-12-12 02:38:50,1,2025-06-17 13:12:10,1,False
1967119892910051330,Hạnh Thị Phạm,(08) 9952 6377,2243,M,2025-01-20 11:30:34,1,2025-02-12 07:12:52,1,False
1967119892910051331,Chi Đặng,02 4285808,303,M,2024-06-19 00:59:59,1,2024-11-21 03:27:05,1,False
1967119892910051332,Cô Ánh Trần,08 4183 7570,4248,F,2024-12-22 08:03:03,1,2025-05-18 14:01:22,1,False
1967119892910051333,Quý cô Bảo Hoàng,(02)890-8887,2593,F,2023-10-22 20:39:22,1,2024-02-11 00:31:32,1,False
1967119892910051334,Kim Vũ,+84-41-349922,3108,F,2025-05-19 03:33:28,1,2025-06-07 20:02:46,1,False
1967119892910051335,Tú Bảo Vũ,+84-25-450904,2274,M,2024-03-02 10:41:19,1,2024-05-18 10:22:42,1,False
1967119892910051336,Trung Hoàng,08 9913740,4296,M,2024-12-23 02:53:26,1,2025-09-02 11:07:21,1,False
1967119892910051337,Ông Trung Nguyễn,+84-27-517932,1396,F,2023-09-29 16:45:00,1,2025-03-05 10:46:22,1,False
1967119892910051338,Minh Mai,+84-78-128443,950,F,2025-03-22 20:16:48,1,2025-05-29 03:53:24,1,False
1967119892910051339,Minh Phạm,(00) 4641 6275,4487,M,2024-01-03 15:09:43,1,2025-08-03 23:04:41,1,False
1967119892910051340,Quý cô Lan Nguyễn,(09)027-4055,1777,F,2024-08-17 19:41:45,1,2025-02-25 09:24:51,1,False
1967119892910051341,Quý cô Linh Bùi,(02) 0555 7651,1153,M,2024-04-17 19:26:59,1,2025-05-23 05:01:10,1,False
1967119892910051342,Ngọc Trần,(01) 6945 8411,2001,F,2024-04-19 04:42:11,1,2024-09-10 11:54:22,1,False
1967119892910051343,Trung Đặng,03 6723961,2174,M,2023-12-19 04:38:58,1,2025-02-23 04:24:02,1,False
1967119892910051344,An Xuân Phạm,(01)235-0687,2868,F,2025-03-18 17:37:20,1,2025-07-20 03:38:55,1,False
1967119892910051345,Cô Linh Vũ,(03) 5738 1016,2688,F,2023-10-19 15:17:37,1,2025-01-05 07:26:05,1,False
1967119892910051346,Quang Đặng,+84-44-930276,4042,M,2024-07-21 05:08:43,1,2025-05-08 11:33:01,1,False
1967119892910051347,Yến Hoàng,+84 03 7174473,3613,F,2024-01-10 03:16:10,1,2025-02-15 15:55:32,1,False
1967119892910051348,Cô Hương Trần,(08)469-1587,258,F,2024-09-25 00:27:52,1,2025-03-06 07:26:27,1,False
1967119892910051349,Thành Lê,+84 04 1807074,3328,M,2025-03-25 14:29:15,1,2025-08-25 18:49:37,1,False
1967119892910051350,Ông Nam Mai,+84-14-717 3585,1665,F,2023-11-24 16:06:29,1,2025-08-31 05:55:34,1,False
1967119892910051351,Tú Trần,+84-32-583955,2036,M,2024-03-18 04:23:26,1,2024-10-18 06:55:42,1,False
1967119892910051352,Châu Vũ,+84 57 5816821,1921,F,2025-02-04 01:41:01,1,2025-02-24 20:04:31,1,False
1967119892910051353,Nhật Dương,04 4495592,4645,M,2023-09-27 16:21:39,1,2023-10-28 22:02:04,1,False
1967119892910051354,Cô Xuân Lê,(01)409-0163,2367,F,2023-09-25 21:07:23,1,2025-04-26 08:10:48,1,False
1967119892910051355,Vân Lê,+84-06-622 7572,3805,M,2025-03-14 06:02:12,1,2025-03-29 03:59:08,1,False
1967119892910051356,Quý cô Lan Bùi,05 8522255,802,F,2025-01-25 10:52:54,1,2025-04-02 11:46:01,1,False
1967119892910051357,Ngọc Dương,05 6701134,1254,F,2024-10-25 18:15:48,1,2025-02-21 19:38:06,1,False
1967119892910051358,Hạnh Hữu Bùi,04 2306609,1421,M,2025-06-08 19:28:25,1,2025-06-17 04:11:00,1,False
1967119892910051359,Phương Bảo Đặng,08 7459340,3404,F,2025-06-05 06:10:09,1,2025-07-05 04:21:57,1,False
1967119892914245632,Ngọc Hoàng,+84-00-776550,612,F,2025-04-23 21:15:55,1,2025-05-21 20:54:55,1,False
1967119892914245633,Ánh Vũ,+84 47 8061456,1688,F,2024-12-29 07:51:02,1,2025-07-25 01:47:34,1,False
1967119892914245634,Lâm Bảo Đặng,(00)420-3857,3167,M,2024-03-12 17:04:12,1,2024-07-04 16:44:31,1,False
1967119892914245635,Quý cô Ngọc Vũ,+84-67-895154,2070,M,2024-05-25 09:03:01,1,2025-03-19 21:16:11,1,False
1967119892914245636,Phúc Vũ,(08)361-8399,4865,F,2024-10-03 23:04:46,1,2024-11-27 14:36:37,1,False
1967119892914245637,Chị Hồng Nguyễn,+84-28-131159,3037,F,2024-09-16 05:06:52,1,2025-05-05 15:00:48,1,False
1967119892914245638,Quý cô Hải Phạm,02 2562102,3851,M,2025-01-11 14:05:33,1,2025-04-14 10:10:20,1,False
1967119892914245639,Khoa Nguyễn,+84-13-344 7222,1077,M,2025-05-16 12:34:40,1,2025-06-04 10:58:29,1,False
1967119892914245640,Chị Thành Đặng,+84 66 3535017,625,M,2024-04-09 21:58:57,1,2025-03-30 20:06:34,1,False
1967119892914245641,Minh Hoàng Bùi,(00) 4740 8699,727,F,2025-01-04 04:56:58,1,2025-09-03 09:04:48,1,False
1967119892914245642,Lan Đặng,(02) 0466 5012,627,M,2024-08-07 03:03:27,1,2025-04-06 19:20:58,1,False
1967119892914245643,Quý ông Anh Mai,(03) 2041 6169,1575,F,2025-01-01 02:48:29,1,2025-01-17 04:27:58,1,False
1967119892914245644,Quang Mai,03 0837 0656,3294,M,2024-01-15 10:11:20,1,2024-06-09 00:38:02,1,False
1967119892914245645,Quý cô Ngọc Trần,(05) 4167 2039,4251,M,2024-06-14 09:00:43,1,2025-02-24 21:25:27,1,False
1967119892914245646,Anh Trọng Vũ,+84-79-885176,2200,M,2023-12-22 14:35:28,1,2024-12-19 10:22:46,1,False
1967119892914245647,Quý ông Nam Mai,+84-88-010 6985,94,F,2025-07-26 11:48:15,1,2025-08-08 15:48:28,1,False
1967119892914245648,Vũ Trần,(04)318-0372,414,F,2025-08-23 01:31:33,1,2025-09-01 23:21:23,1,False
1967119892914245649,Phúc Đặng,+84-65-233505,6,F,2025-07-25 02:49:58,1,2025-08-02 16:37:48,1,False
1967119892918439936,Lan Hoàng,+84-73-495830,307,M,2025-07-20 05:31:16,1,2025-09-01 07:49:42,1,False
1967119892918439937,Kim Đức Dương,+84 14 6790960,500,M,2025-07-24 21:37:58,1,2025-09-10 03:06:28,1,False
1967119892918439938,Quang Đặng,(02)492-3187,259,F,2025-07-24 04:32:15,1,2025-08-27 07:00:26,1,False
1967119892918439939,Bảo Bùi,+84-92-247951,347,F,2025-09-10 14:59:29,1,2025-09-12 14:34:21,1,False
1967119892918439940,Bảo Hoàng,(02) 4024 7693,207,F,2025-07-04 11:31:10,1,2025-08-22 11:24:18,1,False
1967119892918439941,Thành Bảo Nguyễn,01 2832447,295,M,2025-06-30 11:14:02,1,2025-08-30 00:16:34,1,False
1967119892918439942,Chị An Trần,+84-62-352927,30,M,2025-08-26 12:56:04,1,2025-08-28 15:40:20,1,False
1967119892918439943,Dương Hoàng,+84-30-482293,427,M,2025-08-30 15:47:20,1,2025-09-09 19:01:08,1,False
1967119892918439944,Quý cô Hồng Trần,(02) 9326 6515,23,M,2025-07-17 11:42:53,1,2025-09-10 16:47:24,1,False
1967119892918439945,Tùng Mai Vũ,+84 50 0397104,26,F,2025-07-14 10:42:33,1,2025-07-22 17:04:57,1,False
1967119892918439946,Quý ông Châu Mai,(05)182-3512,22,M,2025-08-10 06:51:35,1,2025-08-14 12:04:05,1,False
1967119892918439947,Quý cô Nhật Phạm,(02)018-3834,23,M,2025-07-04 19:17:14,1,2025-07-27 21:23:58,1,False
1967119892918439948,Chị Thành Đặng,(09) 1512 8176,184,F,2025-07-30 00:53:03,1,2025-08-31 03:17:35,1,False
1967119892918439949,Anh Lê,(09)451-4818,276,F,2025-08-06 22:16:25,1,2025-09-05 05:08:27,1,False
1967119892918439950,Bà Dương Nguyễn,(04)590-9492,114,M,2025-08-04 04:44:09,1,2025-08-12 11:21:24,1,False
1967119892918439951,Hạnh Mai,+84-35-412208,471,M,2025-08-09 16:36:16,1,2025-08-25 05:17:02,1,False
1967119892918439952,Hạnh Phạm,00 5017636,280,F,2025-07-27 08:01:06,1,2025-08-07 07:54:00,1,False
1967119892918439953,Ông Trọng Mai,02 7083 6790,78,M,2025-07-05 02:04:09,1,2025-09-03 19:11:39,1,False
1967119892918439954,Bà Nhật Hoàng,+84-03-485 9029,161,M,2025-07-22 11:44:33,1,2025-08-24 20:36:33,1,False
1967119892918439955,Nhật Hữu Lê,+84-31-654 9981,282,F,2025-06-24 00:44:40,1,2025-08-10 16:28:22,1,False
1967119892918439956,Quý ông Minh Bùi,+84-33-669 2649,269,M,2025-07-20 20:08:30,1,2025-08-01 18:43:54,1,False
1967119892918439957,Khoa Đặng,(01)960-3200,154,F,2025-08-29 10:55:18,1,2025-09-06 10:36:07,1,False
1967119892918439958,Hạnh Phú Lê,+84-37-742 9777,439,F,2025-09-09 17:22:44,1,2025-09-10 10:56:58,1,False
1967119892918439959,Anh Trần,06 2349 1631,175,F,2025-07-25 23:32:46,1,2025-08-16 10:01:42,1,False
1967119892918439960,Quý cô Dương Trần,01 6804009,147,M,2025-07-01 23:15:17,1,2025-08-07 02:56:44,1,False
1967119892918439961,Hà Đặng,00 2486 6069,422,M,2025-08-18 22:45:19,1,2025-09-12 10:09:12,1,False
1967119892918439962,Cô Duyên Hoàng,+84-33-325186,134,M,2025-07-25 07:00:28,1,2025-08-28 16:41:48,1,False
1967119892918439963,Phương Thị Đặng,(09)949-7211,39,M,2025-07-06 02:45:40,1,2025-09-13 23:47:19,1,False
1967119892918439964,Hạnh Hải Vũ,00 2422 8233,168,M,2025-08-28 09:53:52,1,2025-09-12 00:34:21,1,False
1967119892918439965,Bà Nhật Vũ,+84 08 2071968,485,M,2025-09-01 17:47:58,1,2025-09-04 08:44:49,1,False
1967119892918439966,Trọng Đức Bùi,07 5312 8719,77,F,2025-06-20 14:03:31,1,2025-06-26 11:00:45,1,False
1967119892918439967,Hạnh Bùi,+84-30-172867,218,M,2025-07-24 08:56:45,1,2025-08-27 19:55:00,1,False
1967119892922634240,Quý cô Phương Hoàng,07 2638 8719,281,F,2025-08-13 02:56:29,1,2025-08-22 03:54:15,1,False
1967119892922634241,Tùng Bảo Vũ,(06) 6626 5053,38,F,2025-07-13 08:01:35,1,2025-08-27 11:20:19,1,False
1967119892922634242,Hà Mai,07 1795 9430,55,M,2025-07-10 22:34:29,1,2025-07-25 07:50:16,1,False
1967119892922634243,Trọng Bùi,+84 55 5180397,74,F,2025-07-29 02:37:07,1,2025-08-27 04:39:55,1,False
1967119892922634244,Khoa Xuân Đặng,07 3629434,34,M,2025-08-01 19:28:25,1,2025-08-06 07:51:42,1,False
1967119892922634245,Quý cô Hạnh Phạm,06 8190 1687,128,F,2025-07-29 19:25:40,1,2025-09-05 07:11:19,1,False
1967119892922634246,Nhật Phạm,+84-81-860777,82,M,2025-07-20 17:51:33,1,2025-08-10 05:24:41,1,False
1967119892922634247,Thành Mai Bảo Hoàng,+84 56 7163200,332,M,2025-07-23 05:02:18,1,2025-07-30 21:45:51,1,False
1967119892926828544,Chị Nhật Trần,+84-43-389845,243,M,2025-07-26 21:00:42,1,2025-09-12 07:01:20,1,False
1967119892926828545,Anh Khoa Nguyễn,09 6041571,193,M,2025-09-12 20:32:25,1,2025-09-13 13:21:05,1,False
1967119892926828546,Khoa Bùi,+84-92-553 3474,187,F,2025-09-06 22:54:13,1,2025-09-10 21:59:21,1,False
1967119892926828547,Bác Nhiên Trần,+84 85 1037951,233,F,2025-07-25 19:23:04,1,2025-08-14 00:28:34,1,False
1967119892935217152,Nam Phú Hoàng,06 5734 0422,336,M,2025-07-31 10:09:21,1,2025-08-18 13:08:44,1,False
1967119892935217153,Bà Lâm Lê,06 4693 2218,356,M,2025-09-13 00:52:15,1,2025-09-13 20:10:08,1,False
1967119892935217154,Khoa Phạm,(08)161-2990,266,F,2025-06-26 06:43:41,1,2025-08-13 01:23:58,1,False
1967119892935217155,Bà Phương Nguyễn,(08) 5310 9013,233,M,2025-07-09 17:27:06,1,2025-08-16 16:00:49,1,False
1967119892935217156,Quý cô Lâm Trần,+84-88-871 5217,130,F,2025-08-16 02:48:25,1,2025-09-02 14:29:30,1,False
1967119892935217157,Thành Xuân Trần,(07) 1820 0130,453,M,2025-06-17 17:52:44,1,2025-07-29 05:02:14,1,False
1967119892935217158,Tùng Vũ,00 3071 0882,37,M,2025-08-07 16:57:15,1,2025-08-22 12:32:19,1,False
1967119892935217159,Anh Văn Trần,+84-70-346730,255,F,2025-07-15 11:38:54,1,2025-08-18 11:00:42,1,False
1967119892935217160,Lan Phạm,+84-13-512 1768,354,F,2025-07-13 15:08:48,1,2025-07-27 01:07:02,1,False
1967119892935217161,Quang Thế Trần,03 6033 2486,86,M,2025-09-07 23:54:20,1,2025-09-13 09:02:17,1,False
1967119892935217162,Thành Trần,(00) 3996 9597,216,F,2025-07-06 12:50:45,1,2025-08-18 18:57:43,1,False
1967119892935217163,Bà Thành Trần,(07) 4122 4251,217,F,2025-09-06 23:10:38,1,2025-09-11 14:59:11,1,False
1967119892935217164,Cô An Hoàng,09 4692924,32,F,2025-08-05 22:10:42,1,2025-08-29 07:28:41,1,False
1967119892935217165,Kim Phú Phạm,+84 84 2971628,370,M,2025-08-14 04:40:07,1,2025-09-08 01:26:22,1,False
1967119892939411456,Tùng Lê,04 0413 0345,291,F,2025-09-02 01:13:32,1,2025-09-02 17:55:41,1,False
1967119892939411457,Châu Hữu Đặng,08 9969402,46,F,2025-06-30 18:26:17,1,2025-07-09 11:42:57,1,False
1967119892939411458,Anh Thế Bùi,+84-95-513359,382,M,2025-08-18 12:21:30,1,2025-08-24 06:04:08,1,False
1967119892939411459,Chị Lâm Vũ,+84-63-693 6330,472,F,2025-06-25 12:10:41,1,2025-07-30 20:24:04,1,False
1967119892939411460,Cô Linh Lê,+84-25-751881,249,M,2025-07-04 02:05:18,1,2025-07-23 01:08:28,1,False
1967119892939411461,Hải Tấn Vũ,04 7635 2894,405,F,2025-06-19 19:02:54,1,2025-07-07 07:16:28,1,False
1967119892939411462,Tùng Phú Hoàng,+84-71-087 8562,147,F,2025-08-03 19:15:37,1,2025-08-04 21:15:26,1,False
1967119892939411463,Bảo Trần,06 8130 6410,494,M,2025-09-03 22:26:32,1,2025-09-04 08:29:32,1,False
1967119892939411464,Cô Nhật Bùi,00 9889743,230,F,2025-08-20 00:50:19,1,2025-09-11 12:38:59,1,False
1967119892939411465,Trọng Hoàng,(04) 1102 7659,209,F,2025-08-24 15:32:11,1,2025-08-26 20:07:05,1,False
1967119892939411466,Tú Nguyễn,+84-15-879 7106,481,F,2025-06-19 04:24:26,1,2025-08-12 14:59:08,1,False
1967119892939411467,Ông Châu Dương,02 6008784,29,M,2025-08-23 18:22:23,1,2025-09-13 01:33:24,1,False
1967119892939411468,Trọng Tấn Trần,04 6568665,36,F,2025-08-17 11:52:28,1,2025-08-20 18:42:18,1,False
1967119892939411469,Anh Thành Lê,+84-36-851218,19,F,2025-07-09 16:08:11,1,2025-07-31 21:14:22,1,False
1967119892939411470,Ánh Trần,(00)558-4303,384,M,2025-06-22 16:46:14,1,2025-08-07 15:29:55,1,False
1967119892939411471,Anh Tú Vũ,(01)753-3170,496,M,2025-06-28 00:30:09,1,2025-07-08 11:56:16,1,False
1967119892939411472,Ông Khoa Bùi,(05) 2181 2264,174,F,2025-06-17 15:49:59,1,2025-06-19 04:27:09,1,False
1967119892939411473,Bà Thảo Dương,01 4604947,304,F,2025-09-03 20:43:32,1,2025-09-06 00:22:47,1,False
1967119892943605760,An Hải Mai,(06)503-3333,214,F,2025-08-24 06:54:05,1,2025-09-04 03:40:16,1,False
1967119892943605761,Châu Phạm,00 5538 6566,343,M,2025-08-20 06:27:42,1,2025-08-24 07:16:20,1,False
1967119892943605762,Quang Hữu Đặng,07 4947 5373,234,M,2025-06-28 07:18:13,1,2025-06-29 21:42:45,1,False
1967119892943605763,Huy Nguyễn,+84-22-718 4071,130,M,2025-08-26 06:33:39,1,2025-09-02 06:59:15,1,False
1967119892943605764,Anh Tùng Vũ,(09)157-4036,25,M,2025-07-03 13:17:28,1,2025-08-07 15:46:09,1,False
1967119892943605765,Hà Vũ,01 8643465,155,M,2025-07-01 15:09:14,1,2025-09-07 03:43:28,1,False
1967119892943605766,Hồng Mai,05 3777 0613,305,F,2025-08-12 10:09:26,1,2025-09-09 03:58:40,1,False
1967119892943605767,An Mai,(09) 9485 1002,239,M,2025-07-06 07:26:55,1,2025-08-26 21:28:25,1,False
1967119892943605768,Bà Hồng Phạm,07 7811 9751,182,F,2025-06-19 21:55:31,1,2025-06-22 17:33:40,1,False
1967119892943605769,Bà Duyên Dương,04 9271273,98,M,2025-09-12 18:31:03,1,2025-09-13 00:01:20,1,False
1967119892943605770,Kim Xuân Lê,+84-00-408 4058,156,F,2025-08-25 02:46:48,1,2025-09-03 18:04:57,1,False
1967119892943605771,Tùng Quang Phạm,(01)996-0175,407,F,2025-09-10 04:06:14,1,2025-09-12 00:04:22,1,False
1967119892943605772,Quý cô Dương Trần,+84 81 9152323,17,F,2025-08-29 20:15:34,1,2025-09-06 08:54:53,1,False
1967119892943605773,Hương Mai,+84-26-271189,283,F,2025-09-01 11:29:37,1,2025-09-02 22:45:24,1,False
1967119892943605774,Cô Hà Nguyễn,(01) 3831 8048,317,F,2025-08-06 19:34:23,1,2025-08-27 14:16:40,1,False
1967119892943605775,Cô Khoa Lê,+84 17 9376040,257,F,2025-07-07 17:08:55,1,2025-09-12 14:49:52,1,False
1967119892943605776,Hưng Văn Bùi,(01)132-1852,60,F,2025-08-09 10:20:30,1,2025-08-30 12:11:37,1,False
1967119892943605777,Quý cô Hà Phạm,07 5716349,39,F,2025-07-13 07:43:05,1,2025-09-05 01:05:05,1,False
1967119892943605778,Ngọc Nguyễn,(02)953-0750,356,F,2025-09-08 05:58:32,1,2025-09-08 17:28:35,1,False
1967119892943605779,Nhật Nguyễn,09 3357 1396,152,M,2025-09-10 03:53:15,1,2025-09-11 04:02:56,1,False
1967119892943605780,Bác Huy Hoàng,+84 29 1772720,200,F,2025-07-16 13:34:30,1,2025-09-06 19:30:11,1,False
1967119892943605781,Minh Mai Đặng,04 0859 2364,381,M,2025-07-03 23:26:11,1,2025-08-02 06:14:06,1,False
1967119892943605782,Chị Xuân Lê,+84-70-042419,298,M,2025-07-04 15:10:18,1,2025-08-12 01:38:13,1,False
1967119892943605783,Hạnh Nguyễn,02 2596 6191,260,M,2025-07-04 08:14:41,1,2025-08-17 09:19:55,1,False
1967119892943605784,Bác Vũ Lê,(09) 6779 2106,206,F,2025-07-18 21:05:57,1,2025-08-29 07:30:03,1,False
1967119892943605785,Thành Trí Nguyễn,05 2349 8127,348,F,2025-06-16 22:29:01,1,2025-07-31 12:07:48,1,False
1967119892943605786,Quý ông Quang Lê,+84-66-961477,179,F,2025-06-17 09:24:57,1,2025-07-24 21:43:56,1,False
1967119892943605787,Quý ông Nhiên Đặng,+84-12-240996,471,M,2025-08-31 19:21:35,1,2025-09-02 12:44:49,1,False
1967119892943605788,Hà Phạm,(09)596-3046,273,F,2025-06-27 23:42:56,1,2025-07-08 22:05:45,1,False
1967119892943605789,Quang Tấn Dương,(09) 6415 4043,274,M,2025-08-29 14:31:42,1,2025-08-29 18:10:47,1,False
1967119892943605790,Nam Hoàng,+84-31-024478,174,F,2025-06-20 01:43:36,1,2025-06-29 03:05:50,1,False
1967119892947800064,Cô Phương Phạm,+84-30-543 9365,214,F,2025-09-05 14:46:31,1,2025-09-12 06:23:25,1,False
1967119892947800065,Hạnh Hoàng,(06) 7121 8043,153,M,2025-08-19 08:57:54,1,2025-08-31 19:30:37,1,False
1967119892947800066,Bác Nam Nguyễn,02 9071864,83,M,2025-08-18 00:15:59,1,2025-08-26 23:59:19,1,False
1967119892947800067,Chị Thảo Bùi,(05)763-7780,83,M,2025-09-02 01:22:00,1,2025-09-05 19:53:45,1,False
1967119892947800068,Thành Hoàng,(06)807-2107,343,F,2025-06-16 16:01:36,1,2025-08-30 00:16:49,1,False
1967119892947800069,Cô Dương Bùi,+84-94-608105,389,F,2025-07-18 09:16:47,1,2025-09-04 17:44:11,1,False
1967119892947800070,Bà Thảo Mai,(02) 4733 1423,49,F,2025-07-30 10:39:43,1,2025-08-13 16:23:22,1,False
1967119892947800071,Chi Phạm,+84 82 1182565,356,M,2025-08-11 03:47:07,1,2025-08-17 19:09:03,1,False
1967119892947800072,Khoa Hoàng,(04) 3686 6079,29,M,2025-07-15 13:28:38,1,2025-08-24 17:55:35,1,False
1967119892947800073,Bác Trung Nguyễn,07 9187 6778,147,M,2025-07-17 03:21:10,1,2025-07-29 16:34:40,1,False
1967119892947800074,Bà Hạnh Lê,08 1067 5491,32,M,2025-08-06 23:56:33,1,2025-09-03 15:46:26,1,False
1967119892947800075,Hưng Thế Nguyễn,+84 08 5226830,71,F,2025-07-13 09:02:18,1,2025-08-08 21:54:41,1,False
1967119892947800076,Khoa Vũ,+84-27-444 3184,166,M,2025-07-18 22:40:21,1,2025-09-05 15:36:35,1,False
1967119892947800077,Bác Nhiên Trần,(06)688-1620,14,M,2025-08-05 02:14:52,1,2025-08-16 09:08:59,1,False
1967119892947800078,Nhật Phú Nguyễn,01 0194275,100,F,2025-07-13 06:23:20,1,2025-08-03 06:19:00,1,False
1967119892947800079,Hương Nguyễn,(04) 9072 5488,98,F,2025-06-17 20:34:08,1,2025-08-13 02:34:40,1,False
1967119892947800080,Lan Phạm,(05) 8627 9270,166,F,2025-08-10 16:39:50,1,2025-08-31 07:08:00,1,False
1967119892947800081,Vi Vũ,03 9622 0811,196,M,2025-08-05 10:50:00,1,2025-08-25 16:53:29,1,False
1967119892947800082,Quang Xuân Mai,08 8105 4503,130,M,2025-07-24 05:19:11,1,2025-08-29 21:10:13,1,False
1967119892947800083,Bảo Hải Hoàng,06 3728178,339,M,2025-06-26 12:38:32,1,2025-07-31 10:28:47,1,False
1967119892947800084,Hải Đặng,05 4647 5614,343,F,2025-08-19 23:26:33,1,2025-08-31 11:31:43,1,False
1967119892947800085,Quý cô Ánh Trần,+84-31-780 1830,86,F,2025-07-19 11:43:41,1,2025-08-27 23:24:33,1,False
1967119892947800086,Thành Đức Vũ,05 4298 8527,352,M,2025-07-10 15:27:28,1,2025-09-11 01:48:25,1,False
1967119892947800087,Hà Đặng,02 0051462,300,M,2025-08-01 07:48:48,1,2025-08-03 17:28:39,1,False
1967119892947800088,Chi Hoàng,+84-50-489 8452,397,F,2025-09-07 05:41:41,1,2025-09-10 11:19:45,1,False
1967119892947800089,Xuân Đặng,06 4004203,69,M,2025-08-15 12:58:20,1,2025-08-24 01:12:41,1,False
1967119892947800090,Nhật Quang Đặng,(00)413-7854,21,M,2025-06-23 19:40:45,1,2025-07-01 03:27:39,1,False
1967119892947800091,Kim Hoàng,07 1965501,455,F,2025-08-15 03:29:04,1,2025-08-23 03:40:13,1,False
1967119892947800092,Quý cô Bảo Vũ,08 3986850,233,F,2025-07-21 08:02:56,1,2025-08-01 00:54:51,1,False
1967119892951994368,Huy Hoàng,04 9973379,259,M,2025-06-30 09:55:43,1,2025-08-09 11:32:50,1,False
1967119892951994369,Tùng Quang Lê,+84 77 4807996,124,M,2025-09-02 07:10:34,1,2025-09-03 14:56:32,1,False
1967119892951994370,Khoa Mai,(04) 8510 7172,3,M,2025-06-18 13:19:30,1,2025-07-19 07:30:23,1,False
1967119892951994371,Quý ông Tùng Bùi,+84-73-304665,211,M,2025-07-07 19:38:43,1,2025-07-11 12:43:52,1,False
1967119892951994372,An Lê,00 3554 8776,454,F,2025-07-08 15:27:04,1,2025-08-28 16:05:03,1,False
1967119892951994373,Cô Ánh Nguyễn,(05)707-2412,464,F,2025-07-26 09:19:31,1,2025-09-06 08:05:10,1,False
1967119892951994374,Ông Hoàng Bùi,(02) 2038 4136,475,M,2025-07-15 08:29:29,1,2025-08-12 13:54:50,1,False
1967119892951994375,Ánh Hoàng,+84-27-554 5162,253,M,2025-07-10 01:41:58,1,2025-09-06 01:46:42,1,False
1967119892951994376,Bà Vân Bùi,+84 30 8723957,89,M,2025-08-18 09:20:40,1,2025-09-11 00:45:21,1,False
1967119892951994377,Thảo Bùi,+84-28-148 3460,66,F,2025-07-20 06:39:25,1,2025-09-06 10:04:37,1,False
1967119892951994378,Quý ông Phúc Hoàng,+84 09 0538713,25,F,2025-08-07 23:35:42,1,2025-08-13 19:22:45,1,False
